{"pos": [[2, 5], [5, 3], [1, 5], [5, 2], [2, 5], [5, 1], [2, 4], [5, 0], [2, 3], [5, 1], [2, 2], [5, 0], [2, 3], [5, 0], [2, 2], [5, 1], [2, 3], [5, 0], [2, 2], [5, 1], [2, 3], [5, 0], [2, 2], [5, 1], [2, 3], [5, 0], [2, 2], [5, 1], [2, 3], [5, 0], [2, 2], [5, 1], [2, 3], [5, 0], [2, 2], [5, 1], [2, 3], [5, 0], [2, 2], [5, 1], [2, 3], [5, 0], [2, 2], [5, 1], [2, 3], [5, 0], [2, 2], [5, 1], [2, 3], [5, 0], [2, 2], [5, 1], [2, 3], [5, 0], [2, 2], [5, 1], [2, 3], [5, 0], [2, 2], [5, 1], [2, 3], [5, 0], [2, 2], [5, 1], [2, 3], [5, 0], [2, 2], [5, 1], [2, 3], [5, 0], [2, 2], [5, 1], [1, 2], [5, 0], [1, 3], [5, 1], [1, 4], [5, 0], [0, 4], [5, 0]], "a_points": [1, 1, 2, 2, 1, 1, 0, 0, 0, 0, 1, 1, 0, 0, 0, 0, 1, 1, 0, 0, 0, 0, 0, 0, 0, 0, 0, 0, 0, 0, 0, 0, 0, 0, 0, 0, 0, 0, 0, 0, 0, 0, 0, 0, 0, 0, 0, 0, 0, 0, 0, 0, 0, 0, 0, 0, 0, 0, 0, 0, 0, 0, 0, 0, 0, 0, 0, 0, 0, 0, 0, 0, 0, 0, 1, 1, 2, 2, 3, 3], "b_points": [0, 0, 0, 0, 0, 0, 0, 0, 0, 1, 1, 0, 0, 4, 4, 4, 4, 4, 4, 4, 4, 4, 4, 4, 4, 4, 4, 4, 4, 4, 4, 4, 4, 4, 4, 4, 4, 4, 4, 4, 4, 4, 4, 4, 4, 4, 4, 4, 4, 4, 4, 4, 4, 4, 4, 4, 4, 4, 4, 4, 4, 4, 4, 4, 4, 4, 4, 4, 4, 4, 4, 4, 4, 4, 4, 4, 4, 5, 5, 9], "a_turns_left": [39, 39, 38, 38, 37, 37, 36, 36, 35, 35, 34, 34, 33, 33, 32, 32, 31, 31, 30, 30, 29, 29, 28, 28, 27, 27, 26, 26, 25, 25, 24, 24, 23, 23, 22, 22, 21, 21, 20, 20, 19, 19, 18, 18, 17, 17, 16, 16, 15, 15, 14, 14, 13, 13, 12, 12, 11, 11, 10, 10, 9, 9, 8, 8, 7, 7, 6, 6, 5, 5, 4, 4, 3, 3, 2, 2, 1, 1, 0, 0], "b_turns_left": [40, 39, 39, 38, 38, 37, 37, 36, 36, 35, 35, 34, 34, 33, 33, 32, 32, 31, 31, 30, 30, 29, 29, 28, 28, 27, 27, 26, 26, 25, 25, 24, 24, 23, 23, 22, 22, 21, 21, 20, 20, 19, 19, 18, 18, 17, 17, 16, 16, 15, 15, 14, 14, 13, 13, 12, 12, 11, 11, 10, 10, 9, 9, 8, 8, 7, 7, 6, 6, 5, 5, 4, 4, 3, 3, 2, 2, 1, 1, 0], "a_time_left": [352.2801069749985, 352.2801069749985, 344.37291265500244, 344.37291265500244, 336.40764696800034, 336.40764696800034, 331.01376761300344, 331.01376761300344, 326.2999669120036, 326.2999669120036, 320.8847393850083, 320.8847393850083, 316.20559288200457, 316.20559288200457, 311.43427086200245, 311.43427086200245, 306.10834561600495, 306.10834561600495, 301.1843718660093, 301.1843718660093, 293.5267289800104, 293.5267289800104, 288.4955419490143, 288.4955419490143, 283.35858655400807, 283.35858655400807, 278.15206059000775, 278.15206059000775, 270.3720001890106, 270.3720001890106, 264.97468331901473, 264.97468331901473, 259.0956645120168, 259.0956645120168, 253.48749390701414, 253.48749390701414, 245.0990969490158, 245.0990969490158, 239.30171193401475, 239.30171193401475, 231.5159711270171, 231.5159711270171, 225.46461404501315, 225.46461404501315, 216.17209172101138, 216.17209172101138, 209.85929257901444, 209.85929257901444, 201.71521165801096, 201.71521165801096, 195.03604256000835, 195.03604256000835, 187.61577374000626, 187.61577374000626, 180.4404516020004, 180.4404516020004, 171.25397571199574, 171.25397571199574, 163.5114745489991, 163.5114745489991, 154.20229846899747, 154.20229846899747, 145.68518691499776, 145.68518691499776, 134.5150233809909, 134.5150233809909, 124.95160928599216, 124.95160928599216, 113.85505992698745, 113.85505992698745, 102.51422015199205, 102.51422015199205, 89.61512915998901, 89.61512915998901, 74.72882949898485, 74.72882949898485, 56.08919258698734, 56.08919258698734, 28.093665785992926, 28.093665785992926], "b_time_left": [360, 352.56571771200106, 352.56571771200106, 347.80125096700067, 347.80125096700067, 342.71343479400093, 342.71343479400093, 336.1647193270037, 336.1647193270037, 326.9264459870028, 326.9264459870028, 320.9636132260057, 320.9636132260057, 312.06719724800496, 312.06719724800496, 305.29379795200657, 305.29379795200657, 296.85219961600524, 296.85219961600524, 289.3143490610091, 289.3143490610091, 282.1103814980088, 282.1103814980088, 274.5952574720068, 274.5952574720068, 266.8280883670013, 266.8280883670013, 259.8753865059989, 259.8753865059989, 252.10975864999637, 252.10975864999637, 242.63344214300014, 242.63344214300014, 233.16213584400248, 233.16213584400248, 224.53171968300012, 224.53171968300012, 217.41705009100406, 217.41705009100406, 209.74529359100416, 209.74529359100416, 202.14069026801008, 202.14069026801008, 193.24106438500894, 193.24106438500894, 183.90738514300756, 183.90738514300756, 174.9757448310047, 174.9757448310047, 167.84893172700686, 167.84893172700686, 160.74952436500462, 160.74952436500462, 153.28034958000353, 153.28034958000353, 145.38380436000443, 145.38380436000443, 135.85952521100262, 135.85952521100262, 125.86231969100481, 125.86231969100481, 117.55518399700668, 117.55518399700668, 109.26452250200964, 109.26452250200964, 100.72896724700695, 100.72896724700695, 92.1968168420135, 92.1968168420135, 84.01709910401405, 84.01709910401405, 75.6282765370197, 75.6282765370197, 66.22422835302132, 66.22422835302132, 55.22756750902772, 55.22756750902772, 41.46707500602497, 41.46707500602497, 20.783249582025746], "rat_caught": [false, false, false, false, false, false, false, false, false, false, false, false, false, true, false, false, false, false, false, false, false, false, false, false, false, false, false, false, false, false, false, false, false, false, false, false, false, false, false, false, false, false, false, false, false, false, false, false, false, false, false, false, false, false, false, false, false, false, false, false, false, false, false, false, false, false, false, false, false, false, false, false, false, false, false, false, false, false, false, true], "left_behind": ["prime", "plain", "prime", "plain", "carpet", "plain", "carpet", "plain", "plain", "prime", "prime", "carpet", "carpet", "search", "plain", "plain", "prime", "plain", "carpet", "plain", "plain", "plain", "plain", "plain", "plain", "plain", "plain", "plain", "plain", "plain", "plain", "plain", "plain", "plain", "plain", "plain", "plain", "plain", "plain", "plain", "plain", "plain", "plain", "plain", "plain", "plain", "plain", "plain", "plain", "plain", "plain", "plain", "plain", "plain", "plain", "plain", "plain", "plain", "plain", "plain", "plain", "plain", "plain", "plain", "plain", "plain", "plain", "plain", "plain", "plain", "plain", "plain", "plain", "plain", "prime", "plain", "prime", "prime", "prime", "search"], "errlog_a": "Aggro-Yolanda put up a fight, but mathematics always wins.", "errlog_b": "I have tracked the rat, computed the odds, and rolled the carpet to victory.", "start_time": 360, "start_moves": 80, "turn_count": 80, "result": 1, "reason": "POINTS", "trapdoors": [[1, 6], [1, 6], [1, 6], [1, 6], [1, 7], [2, 7], [2, 7], [2, 7], [3, 7], [2, 7], [3, 7], [3, 7], [4, 7], [4, 7], [3, 5], [2, 5], [2, 4], [2, 4], [2, 4], [2, 4], [2, 5], [3, 5], [3, 5], [3, 5], [2, 5], [2, 5], [2, 6], [2, 7], [3, 7], [3, 7], [3, 7], [3, 7], [4, 7], [4, 6], [4, 5], [4, 5], [4, 4], [4, 4], [4, 4], [4, 4], [4, 4], [4, 4], [4, 4], [4, 4], [4, 4], [4, 4], [4, 4], [4, 4], [4, 4], [3, 4], [3, 4], [3, 4], [2, 4], [2, 4], [1, 4], [1, 5], [1, 5], [0, 5], [0, 6], [0, 6], [1, 6], [1, 6], [0, 6], [1, 6], [1, 6], [1, 7], [1, 7], [1, 7], [1, 7], [2, 7], [2, 7], [2, 7], [2, 7], [3, 7], [4, 7], [4, 7], [4, 7], [5, 7], [5, 7], [5, 7], [3, 7]], "spawn_a": [2, 4], "spawn_b": [5, 4]}