{"pos": [[2, 4], [5, 4], [2, 3], [5, 5], [2, 2], [5, 4], [1, 2], [5, 3], [0, 2], [5, 2], [0, 2], [5, 1], [0, 3], [5, 0], [1, 3], [5, 1], [1, 4], [5, 0], [1, 5], [5, 1], [0, 5], [5, 0], [0, 4], [5, 1], [0, 5], [5, 0], [0, 5], [5, 1], [1, 5], [5, 0], [1, 5], [5, 1], [1, 5], [5, 0], [2, 5], [5, 1], [3, 5], [5, 0], [3, 4], [5, 1], [4, 4], [5, 0], [5, 4], [5, 1], [5, 3], [5, 0], [6, 3], [5, 1], [5, 3], [5, 0], [5, 2], [5, 1], [5, 2], [5, 0], [4, 2], [5, 1], [5, 2], [5, 0], [4, 2], [4, 0], [4, 1], [3, 0], [3, 1], [4, 0], [4, 1], [3, 0], [3, 1], [4, 0], [4, 1], [3, 0], [3, 1], [4, 0], [4, 1], [3, 0], [3, 1], [4, 0], [3, 2], [4, 1], [3, 1], [4, 1]], "a_points": [1, 1, 2, 2, 3, 3, 4, 4, 5, 5, 9, 9, 10, 10, 11, 11, 12, 12, 13, 13, 13, 13, 13, 13, 14, 14, 12, 12, 13, 13, 11, 11, 9, 9, 8, 8, 8, 8, 9, 9, 10, 10, 11, 11, 12, 12, 12, 12, 13, 13, 13, 13, 17, 17, 18, 18, 17, 17, 17, 17, 18, 18, 18, 18, 18, 18, 18, 18, 18, 18, 18, 18, 18, 18, 18, 18, 18, 18, 19, 19], "b_points": [0, 0, 0, 0, 0, 0, 0, 0, 0, 0, 0, 0, 0, 0, 0, 0, 0, 0, 0, 0, 0, 0, 0, 0, 0, 0, 0, 0, 0, 0, 0, 0, 0, 0, 0, 0, 0, 0, 0, 0, 0, 0, 0, 0, 0, 0, 0, 0, 0, 0, 0, 0, 0, 0, 0, 0, 0, 0, 0, 0, 0, 0, 0, 0, 0, 0, 0, 0, 0, 0, 0, 1, 1, 0, 0, 0, 0, 1, 1, 5], "a_turns_left": [39, 39, 38, 38, 37, 37, 36, 36, 35, 35, 34, 34, 33, 33, 32, 32, 31, 31, 30, 30, 29, 29, 28, 28, 27, 27, 26, 26, 25, 25, 24, 24, 23, 23, 22, 22, 21, 21, 20, 20, 19, 19, 18, 18, 17, 17, 16, 16, 15, 15, 14, 14, 13, 13, 12, 12, 11, 11, 10, 10, 9, 9, 8, 8, 7, 7, 6, 6, 5, 5, 4, 4, 3, 3, 2, 2, 1, 1, 0, 0], "b_turns_left": [40, 39, 39, 38, 38, 37, 37, 36, 36, 35, 35, 34, 34, 33, 33, 32, 32, 31, 31, 30, 30, 29, 29, 28, 28, 27, 27, 26, 26, 25, 25, 24, 24, 23, 23, 22, 22, 21, 21, 20, 20, 19, 19, 18, 18, 17, 17, 16, 16, 15, 15, 14, 14, 13, 13, 12, 12, 11, 11, 10, 10, 9, 9, 8, 8, 7, 7, 6, 6, 5, 5, 4, 4, 3, 3, 2, 2, 1, 1, 0], "a_time_left": [354.21903443700285, 354.21903443700285, 345.2361452420082, 345.2361452420082, 336.2505370590079, 336.2505370590079, 327.26226311700884, 327.26226311700884, 318.2712853660123, 318.2712853660123, 309.27747665700736, 309.27747665700736, 300.27897115000815, 300.27897115000815, 294.3319805960127, 294.3319805960127, 285.2335407430073, 285.2335407430073, 276.1319700580061, 276.1319700580061, 270.7358354970056, 270.7358354970056, 265.149072611006, 265.149072611006, 255.77909712401015, 255.77909712401015, 248.93972086501162, 248.93972086501162, 239.46448516700912, 239.46448516700912, 231.475868172005, 231.475868172005, 221.93059511900356, 221.93059511900356, 215.99163493000378, 215.99163493000378, 206.2733488310041, 206.2733488310041, 200.0844347230086, 200.0844347230086, 193.63359463200322, 193.63359463200322, 188.51565721000952, 188.51565721000952, 180.5252260650086, 180.5252260650086, 170.00576099101454, 170.00576099101454, 159.47990609701083, 159.47990609701083, 149.89146140100638, 149.89146140100638, 141.58483227000397, 141.58483227000397, 130.79309201000433, 130.79309201000433, 123.03334844500932, 123.03334844500932, 111.94813724201231, 111.94813724201231, 100.8529815540096, 100.8529815540096, 89.74679601601383, 89.74679601601383, 78.62802508201275, 78.62802508201275, 67.4950597680072, 67.4950597680072, 56.34548625101161, 56.34548625101161, 45.176060336016235, 45.176060336016235, 37.77107167401846, 37.77107167401846, 31.34123608002119, 31.34123608002119, 23.55441198602057, 23.55441198602057, 11.82387159402424, 11.82387159402424], "b_time_left": [360, 354.25472757799434, 354.25472757799434, 347.612380541992, 347.612380541992, 342.6781452449868, 342.6781452449868, 335.9533246049832, 335.9533246049832, 331.1932542759823, 331.1932542759823, 326.32903132098, 326.32903132098, 321.4862364029832, 321.4862364029832, 316.527519966985, 316.527519966985, 310.9700497739832, 310.9700497739832, 306.00393014898145, 306.00393014898145, 300.9534598309765, 300.9534598309765, 295.7849913459795, 295.7849913459795, 290.55283083597897, 290.55283083597897, 285.22186780298216, 285.22186780298216, 279.7860489409795, 279.7860489409795, 274.2396957469755, 274.2396957469755, 268.57582998597354, 268.57582998597354, 262.587103851969, 262.587103851969, 250.7507901909703, 250.7507901909703, 244.77480903197284, 244.77480903197284, 238.61266960696958, 238.61266960696958, 230.2125683809718, 230.2125683809718, 223.78462728497107, 223.78462728497107, 212.7537540099729, 212.7537540099729, 206.0597704879765, 206.0597704879765, 194.74519773097563, 194.74519773097563, 186.74098338597832, 186.74098338597832, 178.57419771297282, 178.57419771297282, 170.99605522097409, 170.99605522097409, 159.78052574597677, 159.78052574597677, 151.82404634197155, 151.82404634197155, 137.1319560769698, 137.1319560769698, 128.6065908149685, 128.6065908149685, 114.86380554196512, 114.86380554196512, 105.33332269996754, 105.33332269996754, 94.40990310096822, 94.40990310096822, 82.65795640597207, 82.65795640597207, 68.93129004596994, 68.93129004596994, 51.747689164971234, 51.747689164971234, 25.923641883971868], "rat_caught": [false, false, false, false, false, false, false, false, false, false, true, false, false, false, false, false, false, false, false, false, false, false, false, false, false, false, false, false, false, false, false, false, false, false, false, false, false, false, false, false, false, false, false, false, false, false, false, false, false, false, false, false, true, false, false, false, false, false, false, false, false, false, false, false, false, false, false, false, false, false, false, false, false, false, false, false, false, false, false, true], "left_behind": ["prime", "plain", "prime", "plain", "prime", "plain", "prime", "plain", "prime", "plain", "search", "plain", "prime", "plain", "prime", "plain", "prime", "plain", "prime", "plain", "plain", "plain", "plain", "plain", "prime", "plain", "search", "plain", "prime", "plain", "search", "plain", "search", "plain", "carpet", "plain", "plain", "plain", "prime", "plain", "prime", "plain", "prime", "plain", "prime", "plain", "plain", "plain", "prime", "plain", "plain", "plain", "search", "plain", "prime", "plain", "carpet", "plain", "plain", "plain", "prime", "plain", "plain", "plain", "plain", "plain", "plain", "plain", "plain", "plain", "plain", "prime", "plain", "carpet", "plain", "plain", "plain", "prime", "prime", "search"], "errlog_a": "Aggro-Yolanda put up a fight, but mathematics always wins.", "errlog_b": "I have tracked the rat, computed the odds, and rolled the carpet to victory.", "start_time": 360, "start_moves": 80, "turn_count": 80, "result": 0, "reason": "POINTS", "trapdoors": [[1, 4], [1, 4], [1, 4], [1, 4], [1, 4], [1, 5], [1, 5], [1, 4], [1, 4], [1, 4], [1, 4], [7, 3], [7, 4], [6, 4], [6, 4], [6, 4], [6, 4], [6, 4], [6, 4], [6, 3], [6, 4], [6, 4], [6, 4], [6, 4], [6, 4], [6, 4], [6, 4], [6, 3], [6, 3], [6, 3], [7, 3], [7, 3], [7, 4], [7, 4], [7, 4], [7, 3], [7, 3], [7, 4], [7, 4], [7, 4], [7, 4], [7, 4], [7, 4], [7, 4], [7, 4], [7, 5], [7, 6], [7, 6], [7, 6], [7, 6], [7, 7], [6, 7], [6, 7], [4, 7], [4, 7], [4, 7], [3, 7], [2, 7], [2, 7], [2, 7], [2, 7], [2, 7], [2, 7], [2, 7], [2, 7], [2, 7], [2, 7], [1, 7], [1, 7], [1, 7], [1, 7], [1, 7], [1, 7], [1, 7], [1, 7], [0, 7], [0, 6], [0, 6], [0, 6], [0, 6], [3, 7]], "spawn_a": [2, 5], "spawn_b": [5, 5]}