{"pos": [[2, 3], [5, 3], [2, 4], [5, 4], [2, 5], [5, 5], [2, 6], [5, 6], [3, 6], [4, 6], [3, 5], [4, 5], [3, 4], [4, 4], [3, 3], [3, 4], [3, 2], [4, 4], [3, 3], [3, 4], [4, 3], [4, 4], [4, 2], [3, 4], [4, 1], [3, 6], [3, 1], [3, 7], [2, 1], [4, 7], [2, 6], [5, 7], [2, 5], [5, 2], [1, 5], [6, 2], [0, 5], [6, 3], [0, 4], [7, 3], [1, 4], [7, 4], [1, 3], [7, 5], [2, 3], [6, 5], [3, 3], [6, 4], [3, 4], [6, 5], [4, 4], [6, 2], [4, 1], [6, 2], [4, 0], [7, 2], [3, 0], [7, 5], [2, 0], [6, 5], [2, 1], [5, 5], [2, 2], [5, 4], [3, 2], [4, 4], [2, 2], [4, 7], [2, 0], [3, 7], [4, 0], [2, 7], [3, 0], [2, 6], [3, 2], [2, 5], [3, 3], [0, 5], [3, 4], [1, 5]], "a_points": [1, 1, 2, 2, 3, 3, 4, 4, 5, 5, 6, 6, 7, 7, 8, 8, 9, 9, 8, 8, 8, 8, 9, 9, 10, 10, 11, 11, 12, 12, 22, 22, 22, 22, 22, 22, 23, 23, 24, 24, 25, 25, 26, 26, 27, 27, 27, 27, 27, 27, 27, 27, 31, 31, 31, 31, 32, 32, 33, 33, 34, 34, 35, 35, 35, 35, 36, 36, 38, 38, 40, 40, 40, 40, 42, 42, 42, 42, 42, 42], "b_points": [0, 1, 1, 2, 2, 3, 3, 4, 4, 5, 5, 6, 6, 7, 7, 6, 6, 6, 6, 7, 7, 6, 6, 6, 6, 8, 8, 8, 8, 9, 9, 10, 10, 20, 20, 20, 20, 21, 21, 22, 22, 23, 23, 24, 24, 25, 25, 25, 25, 26, 26, 30, 30, 34, 34, 34, 34, 38, 38, 38, 38, 39, 39, 39, 39, 39, 39, 43, 43, 42, 42, 42, 42, 43, 43, 43, 43, 45, 45, 45], "a_turns_left": [39, 39, 38, 38, 37, 37, 36, 36, 35, 35, 34, 34, 33, 33, 32, 32, 31, 31, 30, 30, 29, 29, 28, 28, 27, 27, 26, 26, 25, 25, 24, 24, 23, 23, 22, 22, 21, 21, 20, 20, 19, 19, 18, 18, 17, 17, 16, 16, 15, 15, 14, 14, 13, 13, 12, 12, 11, 11, 10, 10, 9, 9, 8, 8, 7, 7, 6, 6, 5, 5, 4, 4, 3, 3, 2, 2, 1, 1, 0, 0], "b_turns_left": [40, 39, 39, 38, 38, 37, 37, 36, 36, 35, 35, 34, 34, 33, 33, 32, 32, 31, 31, 30, 30, 29, 29, 28, 28, 27, 27, 26, 26, 25, 25, 24, 24, 23, 23, 22, 22, 21, 21, 20, 20, 19, 19, 18, 18, 17, 17, 16, 16, 15, 15, 14, 14, 13, 13, 12, 12, 11, 11, 10, 10, 9, 9, 8, 8, 7, 7, 6, 6, 5, 5, 4, 4, 3, 3, 2, 2, 1, 1, 0], "a_time_left": [350.84566867299145, 350.84566867299145, 338.15164512599586, 338.15164512599586, 325.6035292770248, 325.6035292770248, 320.5843631220632, 320.5843631220632, 312.80773239803966, 312.80773239803966, 305.9467362430296, 305.9467362430296, 300.603483841056, 300.603483841056, 288.96301480708644, 288.96301480708644, 278.22357646608725, 278.22357646608725, 272.1519121830934, 272.1519121830934, 263.9106835151324, 263.9106835151324, 255.14498152513988, 255.14498152513988, 242.2969734951621, 242.2969734951621, 233.9374148301431, 233.9374148301431, 226.72197053511627, 226.72197053511627, 226.72177861211821, 226.72177861211821, 221.23642670112895, 221.23642670112895, 212.82513591315364, 212.82513591315364, 199.11437115614535, 199.11437115614535, 191.78821157215862, 191.78821157215862, 184.1673693501507, 184.1673693501507, 175.27387945714872, 175.27387945714872, 171.22001066617668, 171.22001066617668, 166.88506630418124, 166.88506630418124, 162.47108967613894, 162.47108967613894, 157.85186892515048, 157.85186892515048, 148.6178046731511, 148.6178046731511, 142.25066660519224, 142.25066660519224, 137.47198606922757, 137.47198606922757, 129.5949288222473, 129.5949288222473, 122.24365345219849, 122.24365345219849, 112.63047458819347, 112.63047458819347, 106.7539989472134, 106.7539989472134, 100.21579109726008, 100.21579109726008, 93.15827447822085, 93.15827447822085, 85.87536732217995, 85.87536732217995, 77.50372153613716, 77.50372153613716, 67.48514133511344, 67.48514133511344, 54.29084941308247, 54.29084941308247, 46.207270396116655, 46.207270396116655], "b_time_left": [360, 349.85306070995284, 349.85306070995284, 337.1972053089412, 337.1972053089412, 324.6867892059381, 324.6867892059381, 319.4355431739241, 319.4355431739241, 311.9367438739282, 311.9367438739282, 302.2230599789182, 302.2230599789182, 294.1185318308999, 294.1185318308999, 288.3987147179432, 288.3987147179432, 276.2856927969842, 276.2856927969842, 268.2882260469487, 268.2882260469487, 258.65716947894543, 258.65716947894543, 252.4838851839304, 252.4838851839304, 243.77639839693438, 243.77639839693438, 232.68755755695747, 232.68755755695747, 226.7193066709442, 226.7193066709442, 216.31859394395724, 216.31859394395724, 216.31840399093926, 216.31840399093926, 208.9985676209326, 208.9985676209326, 202.3856245939387, 202.3856245939387, 194.95881015394116, 194.95881015394116, 186.0108218739624, 186.0108218739624, 177.0205948909861, 177.0205948909861, 169.6491767860134, 169.6491767860134, 160.92382892605383, 160.92382892605383, 156.8286547830794, 156.8286547830794, 150.37410594511312, 150.37410594511312, 145.03125957411248, 145.03125957411248, 140.33542924607173, 140.33542924607173, 134.54793780506589, 134.54793780506589, 129.61971196805825, 129.61971196805825, 123.3350450550206, 123.3350450550206, 116.09953146404587, 116.09953146404587, 108.07440859102644, 108.07440859102644, 100.71194200305035, 100.71194200305035, 93.79399121802999, 93.79399121802999, 86.5179912460153, 86.5179912460153, 78.0888536190032, 78.0888536190032, 67.99138784001116, 67.99138784001116, 54.69174733199179, 54.69174733199179, 34.66202504996909], "rat_caught": [false, false, false, false, false, false, false, false, false, false, false, false, false, false, false, false, false, false, false, false, false, false, false, false, false, false, false, false, false, false, false, false, false, false, false, false, false, false, false, false, false, false, false, false, false, false, false, false, false, false, false, false, false, true, false, false, false, false, false, false, false, false, false, false, false, false, false, false, false, false, false, false, false, false, false, false, false, false, false, false], "left_behind": ["prime", "prime", "prime", "prime", "prime", "prime", "prime", "prime", "prime", "prime", "prime", "prime", "prime", "prime", "prime", "carpet", "prime", "plain", "carpet", "prime", "plain", "carpet", "prime", "plain", "prime", "carpet", "prime", "plain", "prime", "prime", "carpet", "prime", "plain", "carpet", "plain", "plain", "prime", "prime", "prime", "prime", "prime", "prime", "prime", "prime", "prime", "prime", "plain", "plain", "plain", "prime", "plain", "carpet", "carpet", "search", "plain", "plain", "prime", "carpet", "prime", "plain", "prime", "prime", "prime", "plain", "plain", "plain", "prime", "carpet", "carpet", "carpet", "carpet", "plain", "plain", "prime", "carpet", "plain", "plain", "carpet", "plain", "plain"], "errlog_a": "Depth: 5106 | Ghost Rats: 0 (0.0%) | Max False Conf: 0.00", "errlog_b": "Depth: 21484 | Ghost Rats: 0 (0.0%) | Max False Conf: 0.00", "start_time": 360, "start_moves": 80, "turn_count": 80, "result": 1, "reason": "POINTS", "trapdoors": [[2, 3], [2, 4], [1, 4], [1, 4], [1, 4], [1, 4], [1, 4], [1, 4], [1, 4], [1, 4], [1, 3], [1, 3], [1, 2], [1, 2], [1, 2], [2, 2], [2, 2], [2, 2], [2, 2], [3, 2], [3, 3], [3, 4], [3, 4], [3, 4], [3, 4], [3, 4], [3, 4], [3, 5], [3, 5], [3, 6], [3, 6], [3, 7], [2, 7], [1, 7], [1, 7], [1, 6], [1, 6], [1, 7], [1, 6], [0, 6], [0, 5], [0, 6], [0, 6], [0, 6], [0, 6], [0, 5], [0, 5], [0, 4], [0, 4], [0, 3], [0, 3], [0, 2], [1, 2], [1, 2], [0, 3], [0, 3], [0, 3], [1, 3], [2, 3], [2, 3], [2, 4], [2, 5], [2, 5], [2, 5], [2, 5], [1, 5], [0, 5], [0, 4], [0, 4], [0, 3], [0, 3], [0, 2], [0, 1], [0, 1], [0, 1], [1, 1], [1, 1], [1, 1], [1, 1], [1, 2], [1, 2]], "spawn_a": [2, 2], "spawn_b": [5, 2]}