{"pos": [[2, 3], [6, 4], [2, 2], [5, 4], [2, 1], [6, 4], [2, 0], [6, 3], [3, 0], [6, 4], [3, 1], [6, 5], [3, 2], [7, 5], [3, 3], [6, 5], [4, 3], [6, 4], [4, 2], [6, 3], [4, 2], [6, 2], [5, 2], [6, 3], [5, 3], [6, 2], [5, 3], [4, 2], [5, 3], [2, 2], [5, 3], [2, 4], [4, 3], [2, 5], [4, 4], [2, 4], [4, 5], [2, 5], [4, 6], [3, 5], [4, 7], [4, 5], [3, 7], [4, 7], [3, 6], [3, 7], [4, 6], [3, 5], [4, 6], [3, 4], [4, 5], [3, 3], [5, 5], [4, 3], [4, 5], [4, 4], [4, 6], [4, 5], [5, 6], [5, 5], [5, 7], [5, 6], [4, 7], [5, 7], [3, 7], [5, 6], [2, 7], [4, 6], [2, 6], [4, 5], [2, 5], [3, 5], [2, 5], [3, 4], [2, 5], [2, 4], [2, 5], [3, 4], [2, 4], [4, 4]], "a_points": [1, 1, 2, 2, 3, 3, 4, 4, 5, 5, 6, 6, 7, 7, 8, 8, 9, 9, 9, 9, 7, 7, 8, 8, 9, 9, 7, 7, 5, 5, 3, 3, 3, 3, 4, 4, 5, 5, 5, 5, 6, 6, 7, 7, 8, 8, 9, 9, 7, 7, 7, 7, 7, 7, 8, 8, 9, 9, 9, 9, 10, 10, 11, 11, 11, 11, 11, 11, 12, 12, 13, 13, 17, 17, 15, 15, 13, 13, 13, 13], "b_points": [0, 1, 1, 0, 0, 0, 0, 1, 1, 0, 0, 0, 0, 1, 1, 0, 0, 0, 0, 0, 0, 1, 1, 0, 0, 0, 0, 2, 2, 4, 4, 6, 6, 6, 6, 7, 7, 6, 6, 6, 6, 7, 7, 9, 9, 8, 8, 10, 10, 10, 10, 9, 9, 8, 8, 7, 7, 6, 6, 5, 5, 4, 4, 3, 3, 3, 3, 3, 3, 3, 3, 3, 3, 3, 3, 4, 4, 3, 3, 3], "a_turns_left": [39, 39, 38, 38, 37, 37, 36, 36, 35, 35, 34, 34, 33, 33, 32, 32, 31, 31, 30, 30, 29, 29, 28, 28, 27, 27, 26, 26, 25, 25, 24, 24, 23, 23, 22, 22, 21, 21, 20, 20, 19, 19, 18, 18, 17, 17, 16, 16, 15, 15, 14, 14, 13, 13, 12, 12, 11, 11, 10, 10, 9, 9, 8, 8, 7, 7, 6, 6, 5, 5, 4, 4, 3, 3, 2, 2, 1, 1, 0, 0], "b_turns_left": [40, 39, 39, 38, 38, 37, 37, 36, 36, 35, 35, 34, 34, 33, 33, 32, 32, 31, 31, 30, 30, 29, 29, 28, 28, 27, 27, 26, 26, 25, 25, 24, 24, 23, 23, 22, 22, 21, 21, 20, 20, 19, 19, 18, 18, 17, 17, 16, 16, 15, 15, 14, 14, 13, 13, 12, 12, 11, 11, 10, 10, 9, 9, 8, 8, 7, 7, 6, 6, 5, 5, 4, 4, 3, 3, 2, 2, 1, 1, 0], "a_time_left": [351.09983865799586, 351.09983865799586, 345.611423024995, 345.611423024995, 336.6163023209956, 336.6163023209956, 329.23402499799704, 329.23402499799704, 324.05472159299825, 324.05472159299825, 314.8959536830007, 314.8959536830007, 307.8257372250009, 307.8257372250009, 298.5976180739963, 298.5976180739963, 292.62192775400035, 292.62192775400035, 283.2823741750035, 283.2823741750035, 276.05773738000426, 276.05773738000426, 268.0829240830062, 268.0829240830062, 261.95819185600703, 261.95819185600703, 252.355975150007, 252.355975150007, 246.87486485100817, 246.87486485100817, 237.09977453001193, 237.09977453001193, 228.00069803801307, 228.00069803801307, 222.98379674700845, 222.98379674700845, 212.94814507300907, 212.94814507300907, 202.9077116450062, 202.9077116450062, 197.07600525800808, 197.07600525800808, 189.15376090700738, 189.15376090700738, 182.60188441200444, 182.60188441200444, 171.96053958900302, 171.96053958900302, 166.05437446600263, 166.05437446600263, 155.08412550199864, 155.08412550199864, 145.90360754599533, 145.90360754599533, 134.78028642499703, 134.78028642499703, 128.5428235349973, 128.5428235349973, 121.1623811679965, 121.1623811679965, 110.97604303099797, 110.97604303099797, 102.03634241599502, 102.03634241599502, 89.38179909599421, 89.38179909599421, 76.7129312499892, 76.7129312499892, 69.16137168098794, 69.16137168098794, 61.75644254399231, 61.75644254399231, 53.89023378799175, 53.89023378799175, 44.88082066398783, 44.88082066398783, 33.70870828198531, 33.70870828198531, 16.904152848983358, 16.904152848983358], "b_time_left": [360, 359.9999589689978, 359.9999589689978, 359.999922377996, 359.999922377996, 359.9998928529967, 359.9998928529967, 359.9998615789955, 359.9998615789955, 359.99983016999613, 359.99983016999613, 359.99980406199757, 359.99980406199757, 359.99977587500325, 359.99977587500325, 359.9997515960058, 359.9997515960058, 359.9997289220046, 359.9997289220046, 359.9997017800051, 359.9997017800051, 359.9996715850066, 359.9996715850066, 359.99964697800897, 359.99964697800897, 359.9996199310044, 359.9996199310044, 359.99958898800105, 359.99958898800105, 359.9995631030033, 359.9995631030033, 359.9995309470032, 359.9995309470032, 359.9995062820017, 359.9995062820017, 359.9994784740047, 359.9994784740047, 359.9994534530051, 359.9994534530051, 359.99943040100334, 359.99943040100334, 359.99940326799697, 359.99940326799697, 359.9993743929954, 359.9993743929954, 359.99934804399527, 359.99934804399527, 359.99932347700087, 359.99932347700087, 359.99930022400076, 359.99930022400076, 359.99927344400203, 359.99927344400203, 359.9992487260024, 359.9992487260024, 359.99922314300056, 359.99922314300056, 359.9991989150003, 359.9991989150003, 359.9991749280016, 359.9991749280016, 359.9991501170007, 359.9991501170007, 359.9991263740012, 359.9991263740012, 359.999105435003, 359.999105435003, 359.9990825430068, 359.9990825430068, 359.9990607390064, 359.9990607390064, 359.9990369060106, 359.9990369060106, 359.99901489901094, 359.99901489901094, 359.9989875760075, 359.9989875760075, 359.99896359100967, 359.99896359100967, 359.99894081401], "rat_caught": [false, false, false, false, false, false, false, false, false, false, false, false, false, false, false, false, false, false, false, false, false, false, false, false, false, false, false, false, false, false, false, false, false, false, false, false, false, false, false, false, false, false, false, false, false, false, false, false, false, false, false, false, false, false, false, false, false, false, false, false, false, false, false, false, false, false, false, false, false, false, false, false, true, false, false, false, false, false, false, false], "left_behind": ["prime", "prime", "prime", "carpet", "prime", "plain", "prime", "prime", "prime", "carpet", "prime", "plain", "prime", "prime", "prime", "carpet", "prime", "plain", "plain", "plain", "search", "prime", "prime", "carpet", "prime", "plain", "search", "carpet", "search", "carpet", "search", "carpet", "plain", "plain", "prime", "prime", "prime", "carpet", "plain", "plain", "prime", "prime", "prime", "carpet", "prime", "carpet", "prime", "carpet", "search", "plain", "plain", "carpet", "plain", "carpet", "prime", "carpet", "prime", "carpet", "plain", "carpet", "prime", "carpet", "prime", "carpet", "plain", "plain", "plain", "plain", "prime", "plain", "prime", "plain", "search", "plain", "search", "prime", "search", "carpet", "plain", "plain"], "errlog_a": "Lets get lit!", "errlog_b": "I am Aggro-Yolanda, and I am here to carpet the world.", "start_time": 360, "start_moves": 80, "turn_count": 80, "result": 0, "reason": "POINTS", "trapdoors": [[7, 1], [7, 1], [7, 1], [6, 1], [6, 2], [6, 2], [6, 2], [6, 2], [6, 2], [6, 3], [7, 3], [7, 2], [7, 2], [7, 2], [7, 2], [7, 2], [7, 2], [6, 2], [5, 2], [4, 2], [4, 3], [4, 4], [4, 5], [4, 5], [4, 5], [4, 6], [4, 6], [4, 6], [5, 6], [5, 6], [6, 6], [6, 5], [6, 5], [6, 5], [6, 5], [7, 5], [7, 5], [7, 5], [7, 6], [7, 5], [7, 5], [7, 5], [7, 5], [7, 4], [7, 4], [7, 4], [7, 4], [7, 4], [7, 4], [7, 4], [7, 4], [7, 4], [7, 4], [7, 4], [7, 3], [7, 3], [7, 3], [6, 3], [6, 3], [6, 3], [7, 3], [7, 3], [7, 3], [7, 3], [7, 3], [7, 3], [7, 4], [7, 4], [7, 4], [7, 3], [7, 3], [7, 2], [7, 1], [1, 5], [1, 5], [1, 5], [1, 5], [1, 4], [1, 4], [1, 3], [1, 2]], "spawn_a": [2, 4], "spawn_b": [5, 4]}