{"pos": [[2, 4], [5, 2], [2, 5], [5, 3], [2, 6], [5, 4], [2, 7], [6, 4], [3, 7], [5, 4], [3, 6], [5, 3], [4, 6], [5, 4], [5, 6], [5, 5], [5, 6], [6, 5], [4, 6], [5, 5], [4, 5], [5, 6], [4, 6], [5, 5], [4, 6], [4, 5], [4, 6], [4, 4], [4, 5], [4, 3], [3, 5], [4, 4], [3, 4], [4, 5], [3, 5], [4, 6], [3, 6], [5, 6], [3, 6], [4, 6], [2, 6], [5, 6], [2, 3], [5, 7], [3, 3], [4, 7], [3, 2], [5, 7], [3, 1], [5, 6], [4, 1], [4, 6], [4, 0], [3, 6], [4, 0], [3, 7], [3, 0], [2, 7], [3, 4], [3, 7], [3, 3], [4, 7], [3, 2], [3, 7], [4, 2], [4, 7], [5, 2], [5, 7], [4, 2], [4, 7], [4, 3], [5, 7], [5, 3], [4, 7], [6, 3], [4, 6], [6, 2], [4, 5], [7, 2], [3, 5]], "a_points": [1, 1, 2, 2, 3, 3, 4, 4, 5, 5, 6, 6, 7, 7, 7, 7, 11, 11, 12, 12, 12, 12, 13, 13, 11, 11, 9, 9, 10, 10, 10, 10, 10, 10, 11, 11, 10, 10, 14, 14, 13, 13, 17, 17, 17, 17, 18, 18, 19, 19, 20, 20, 21, 21, 25, 25, 26, 26, 32, 32, 32, 32, 32, 32, 32, 32, 32, 32, 33, 33, 34, 34, 35, 35, 35, 35, 36, 36, 37, 37], "b_points": [0, 1, 1, 0, 0, 0, 0, 1, 1, 0, 0, 0, 0, 0, 0, 0, 0, 1, 1, 0, 0, -1, -1, -1, -1, -2, -2, -2, -2, -1, -1, -2, -2, -2, -2, -3, -3, -3, -3, -3, -3, -3, -3, -3, -3, -2, -2, -3, -3, -3, -3, -3, -3, -3, -3, -4, -4, -5, -5, -5, -5, -5, -5, -4, -4, -5, -5, -5, -5, -5, -5, -5, -5, -5, -5, -5, -5, -5, -5, -5], "a_turns_left": [39, 39, 38, 38, 37, 37, 36, 36, 35, 35, 34, 34, 33, 33, 32, 32, 31, 31, 30, 30, 29, 29, 28, 28, 27, 27, 26, 26, 25, 25, 24, 24, 23, 23, 22, 22, 21, 21, 20, 20, 19, 19, 18, 18, 17, 17, 16, 16, 15, 15, 14, 14, 13, 13, 12, 12, 11, 11, 10, 10, 9, 9, 8, 8, 7, 7, 6, 6, 5, 5, 4, 4, 3, 3, 2, 2, 1, 1, 0, 0], "b_turns_left": [40, 39, 39, 38, 38, 37, 37, 36, 36, 35, 35, 34, 34, 33, 33, 32, 32, 31, 31, 30, 30, 29, 29, 28, 28, 27, 27, 26, 26, 25, 25, 24, 24, 23, 23, 22, 22, 21, 21, 20, 20, 19, 19, 18, 18, 17, 17, 16, 16, 15, 15, 14, 14, 13, 13, 12, 12, 11, 11, 10, 10, 9, 9, 8, 8, 7, 7, 6, 6, 5, 5, 4, 4, 3, 3, 2, 2, 1, 1, 0], "a_time_left": [351.09965179400024, 351.09965179400024, 342.19688098700135, 342.19688098700135, 333.2914875849965, 333.2914875849965, 324.3833578509948, 324.3833578509948, 318.3574397549892, 318.3574397549892, 309.36127037199185, 309.36127037199185, 300.3621527619907, 300.3621527619907, 291.3601207739921, 291.3601207739921, 282.3544537289854, 282.3544537289854, 275.2019377949837, 275.2019377949837, 270.3148703499828, 270.3148703499828, 264.4526185609866, 264.4526185609866, 255.10763237798528, 255.10763237798528, 248.70927552298963, 248.70927552298963, 242.3251063019925, 242.3251063019925, 232.73184501699143, 232.73184501699143, 223.1345114079886, 223.1345114079886, 216.08845713698975, 216.08845713698975, 211.1954188079908, 211.1954188079908, 202.49032622698724, 202.49032622698724, 194.26659271298558, 194.26659271298558, 184.14185485598136, 184.14185485598136, 175.4821060629838, 175.4821060629838, 168.50899454497994, 168.50899454497994, 158.07698499698017, 158.07698499698017, 147.63835123498575, 147.63835123498575, 139.46332164198247, 139.46332164198247, 130.8789736869876, 130.8789736869876, 121.5343004059905, 121.5343004059905, 115.86830393799028, 115.86830393799028, 106.19641603899072, 106.19641603899072, 99.8282314229873, 99.8282314229873, 87.44955374698475, 87.44955374698475, 75.05659611498413, 75.05659611498413, 64.98378355198656, 64.98378355198656, 57.842646504992445, 57.842646504992445, 50.64608233598847, 50.64608233598847, 42.21520334599336, 42.21520334599336, 31.710273873992264, 31.710273873992264, 15.903752520993294, 15.903752520993294], "b_time_left": [360, 359.9999512700015, 359.9999512700015, 359.99991178599885, 359.99991178599885, 359.99988173699967, 359.99988173699967, 359.9998472169973, 359.9998472169973, 359.9998147630031, 359.9998147630031, 359.9997868280043, 359.9997868280043, 359.9997631830047, 359.9997631830047, 359.999738823004, 359.999738823004, 359.99970801000745, 359.99970801000745, 359.99968202300806, 359.99968202300806, 359.9996585240078, 359.9996585240078, 359.99963523900806, 359.99963523900806, 359.9996097030089, 359.9996097030089, 359.9995859000119, 359.9995859000119, 359.99953634001577, 359.99953634001577, 359.9995079660148, 359.9995079660148, 359.9994852070158, 359.9994852070158, 359.99946070301667, 359.99946070301667, 359.9994386570179, 359.9994386570179, 359.99941573401884, 359.99941573401884, 359.9993931570207, 359.9993931570207, 359.99937103602133, 359.99937103602133, 359.9993301960203, 359.9993301960203, 359.9993050640187, 359.9993050640187, 359.99927462302, 359.99927462302, 359.99925337902096, 359.99925337902096, 359.9992313020193, 359.9992313020193, 359.99920824601577, 359.99920824601577, 359.99918320901634, 359.99918320901634, 359.9991620990186, 359.9991620990186, 359.99913880501845, 359.99913880501845, 359.9991146410175, 359.9991146410175, 359.9990917920222, 359.9990917920222, 359.9990706070239, 359.9990706070239, 359.99904979301937, 359.99904979301937, 359.9990276920216, 359.9990276920216, 359.9990074950183, 359.9990074950183, 359.9989685050168, 359.9989685050168, 359.9989452970185, 359.9989452970185, 359.9989231270156], "rat_caught": [false, false, false, false, false, false, false, false, false, false, false, false, false, false, false, false, true, false, false, false, false, false, false, false, false, false, false, false, false, false, false, false, false, false, false, false, false, false, true, false, false, false, false, false, false, false, false, false, false, false, false, false, false, false, true, false, false, false, false, false, false, false, false, false, false, false, false, false, false, false, false, false, false, false, false, false, false, false, false, false], "left_behind": ["prime", "prime", "prime", "carpet", "prime", "plain", "prime", "prime", "prime", "carpet", "prime", "plain", "prime", "plain", "plain", "plain", "search", "prime", "prime", "carpet", "plain", "carpet", "prime", "plain", "search", "carpet", "search", "plain", "prime", "prime", "plain", "carpet", "plain", "plain", "prime", "carpet", "carpet", "plain", "search", "plain", "carpet", "plain", "carpet", "plain", "plain", "prime", "prime", "carpet", "prime", "plain", "prime", "plain", "prime", "plain", "search", "carpet", "prime", "carpet", "carpet", "plain", "plain", "plain", "plain", "prime", "plain", "carpet", "plain", "plain", "prime", "plain", "prime", "plain", "prime", "plain", "plain", "plain", "prime", "plain", "prime", "plain"], "errlog_a": "Lets get lit!", "errlog_b": "I am Aggro-Yolanda, and I am here to carpet the world.", "start_time": 360, "start_moves": 80, "turn_count": 80, "result": 0, "reason": "POINTS", "trapdoors": [[2, 2], [2, 2], [3, 2], [3, 3], [3, 4], [3, 4], [3, 4], [3, 5], [2, 5], [2, 5], [2, 5], [2, 6], [2, 5], [2, 5], [2, 5], [2, 5], [2, 5], [3, 4], [3, 4], [4, 4], [4, 4], [4, 5], [4, 6], [4, 6], [4, 6], [4, 6], [5, 6], [6, 6], [6, 6], [6, 5], [6, 4], [6, 4], [6, 4], [6, 4], [6, 4], [6, 4], [6, 3], [7, 3], [7, 2], [6, 5], [6, 4], [6, 4], [6, 4], [6, 4], [6, 4], [6, 5], [6, 4], [6, 4], [6, 4], [6, 3], [6, 2], [5, 2], [6, 2], [5, 2], [5, 2], [3, 3], [3, 4], [3, 4], [3, 4], [3, 4], [3, 4], [3, 5], [3, 4], [3, 5], [3, 5], [3, 5], [3, 5], [3, 5], [3, 5], [4, 5], [4, 6], [4, 6], [4, 6], [5, 6], [5, 6], [5, 6], [5, 6], [5, 6], [5, 6], [5, 6], [6, 6]], "spawn_a": [2, 3], "spawn_b": [5, 3]}