{"pos": [[2, 5], [5, 5], [4, 5], [5, 4], [4, 4], [6, 4], [3, 4], [4, 4], [2, 4], [4, 3], [1, 4], [3, 3], [0, 4], [2, 3], [3, 4], [2, 2], [3, 4], [3, 2], [2, 4], [4, 2], [2, 3], [4, 1], [4, 3], [5, 1], [4, 2], [5, 2], [4, 2], [5, 3], [4, 3], [6, 3], [4, 2], [7, 3], [2, 2], [7, 4], [2, 1], [6, 4], [2, 1], [5, 4], [3, 1], [5, 1], [4, 1], [5, 0], [5, 1], [4, 0], [2, 1], [3, 0], [2, 1], [2, 0], [2, 2], [5, 0], [1, 2], [5, 1], [1, 3], [5, 1], [2, 3], [5, 1], [3, 3], [5, 2], [1, 3], [5, 3], [0, 3], [5, 3], [0, 4], [5, 4], [0, 5], [7, 4], [1, 5], [7, 5], [2, 5], [7, 5], [3, 5], [6, 5], [0, 5], [7, 5], [0, 3], [5, 5], [0, 3], [5, 6], [0, 2], [4, 6]], "a_points": [1, 1, 3, 3, 3, 3, 4, 4, 5, 5, 6, 6, 7, 7, 11, 11, 15, 15, 15, 15, 15, 15, 17, 17, 16, 16, 20, 20, 20, 20, 20, 20, 22, 22, 22, 22, 26, 26, 27, 27, 28, 28, 29, 29, 33, 33, 37, 37, 37, 37, 37, 37, 38, 38, 39, 39, 40, 40, 42, 42, 42, 42, 43, 43, 44, 44, 45, 45, 46, 46, 47, 47, 51, 51, 53, 53, 57, 57, 57, 57], "b_points": [0, 1, 1, 2, 2, 3, 3, 5, 5, 5, 5, 6, 6, 7, 7, 7, 7, 8, 8, 9, 9, 10, 10, 10, 10, 11, 11, 12, 12, 13, 13, 14, 14, 15, 15, 16, 16, 17, 17, 21, 21, 21, 21, 22, 22, 23, 23, 24, 24, 28, 28, 28, 28, 26, 26, 24, 24, 24, 24, 24, 24, 28, 28, 28, 28, 30, 30, 30, 30, 34, 34, 34, 34, 35, 35, 37, 37, 37, 37, 38], "a_turns_left": [39, 39, 38, 38, 37, 37, 36, 36, 35, 35, 34, 34, 33, 33, 32, 32, 31, 31, 30, 30, 29, 29, 28, 28, 27, 27, 26, 26, 25, 25, 24, 24, 23, 23, 22, 22, 21, 21, 20, 20, 19, 19, 18, 18, 17, 17, 16, 16, 15, 15, 14, 14, 13, 13, 12, 12, 11, 11, 10, 10, 9, 9, 8, 8, 7, 7, 6, 6, 5, 5, 4, 4, 3, 3, 2, 2, 1, 1, 0, 0], "b_turns_left": [40, 39, 39, 38, 38, 37, 37, 36, 36, 35, 35, 34, 34, 33, 33, 32, 32, 31, 31, 30, 30, 29, 29, 28, 28, 27, 27, 26, 26, 25, 25, 24, 24, 23, 23, 22, 22, 21, 21, 20, 20, 19, 19, 18, 18, 17, 17, 16, 16, 15, 15, 14, 14, 13, 13, 12, 12, 11, 11, 10, 10, 9, 9, 8, 8, 7, 7, 6, 6, 5, 5, 4, 4, 3, 3, 2, 2, 1, 1, 0], "a_time_left": [358.5440329580015, 358.5440329580015, 357.9127956250013, 357.9127956250013, 356.7795965420082, 356.7795965420082, 355.4534689590073, 355.4534689590073, 354.58181425101066, 354.58181425101066, 353.25276487601514, 353.25276487601514, 351.78581762600516, 351.78581762600516, 351.04589171000407, 351.04589171000407, 350.2442075019935, 350.2442075019935, 349.42902495998715, 349.42902495998715, 348.9159129599866, 348.9159129599866, 348.2944695439801, 348.2944695439801, 347.95371041898034, 347.95371041898034, 347.462502793991, 347.462502793991, 346.88210854398494, 346.88210854398494, 346.4591902529937, 346.4591902529937, 346.19022366999707, 346.19022366999707, 345.59243633599544, 345.59243633599544, 344.66842691898637, 344.66842691898637, 344.22469046099286, 344.22469046099286, 343.83432883599016, 343.83432883599016, 343.50633550298517, 343.50633550298517, 343.29403616997297, 343.29403616997297, 343.1805619199731, 343.1805619199731, 343.07066066996776, 343.07066066996776, 342.90934096196725, 342.90934096196725, 342.66224466997664, 342.66224466997664, 342.34689721197356, 342.34689721197356, 342.0832427119749, 342.0832427119749, 341.900144336978, 341.900144336978, 341.7028318369703, 341.7028318369703, 341.48007571198104, 341.48007571198104, 341.2295084199868, 341.2295084199868, 341.01429412797734, 341.01429412797734, 340.7759505859867, 340.7759505859867, 340.56443179398775, 340.56443179398775, 340.27572529399185, 340.27572529399185, 340.20424020999053, 340.20424020999053, 340.1315200439858, 340.1315200439858, 340.1079507529794, 340.1079507529794], "b_time_left": [360, 358.7313772080088, 358.7313772080088, 357.84975516601116, 357.84975516601116, 356.4903520830121, 356.4903520830121, 355.79411987401545, 355.79411987401545, 354.8779514990165, 354.8779514990165, 353.18442574901565, 353.18442574901565, 352.53767891602183, 352.53767891602183, 351.5578462910198, 351.5578462910198, 350.7014251660148, 350.7014251660148, 349.87996279101935, 349.87996279101935, 348.8853504990111, 348.8853504990111, 348.1367056660092, 348.1367056660092, 347.6184624160087, 347.6184624160087, 347.2286669580062, 347.2286669580062, 346.76751791599963, 346.76751791599963, 346.2229116249946, 346.2229116249946, 345.8956784159964, 345.8956784159964, 345.2579039569973, 345.2579039569973, 344.7030173739913, 344.7030173739913, 344.13965716598614, 344.13965716598614, 343.94428041599167, 343.94428041599167, 343.80365041599725, 343.80365041599725, 343.59858891600743, 343.59858891600743, 343.4185878330172, 343.4185878330172, 343.2379061240208, 343.2379061240208, 343.10633837402565, 343.10633837402565, 342.8822482910182, 342.8822482910182, 342.6655872080155, 342.6655872080155, 342.5462501250149, 342.5462501250149, 342.3789730000135, 342.3789730000135, 342.134027875014, 342.134027875014, 341.8680877080187, 341.8680877080187, 341.6736614580295, 341.6736614580295, 341.46415666602843, 341.46415666602843, 341.1972836240311, 341.1972836240311, 341.0207297070301, 341.0207297070301, 340.8856192910316, 340.8856192910316, 340.79448729103024, 340.79448729103024, 340.75234729103977, 340.75234729103977, 340.7399057500297], "rat_caught": [false, false, false, false, false, false, false, false, false, false, false, false, false, false, false, false, true, false, false, false, false, false, false, false, false, false, true, false, false, false, false, false, false, false, false, false, true, false, false, false, false, false, false, false, false, false, true, false, false, false, false, false, false, false, false, false, false, false, false, false, false, true, false, false, false, false, false, false, false, true, false, false, false, false, false, false, true, false, false, false], "left_behind": ["prime", "prime", "carpet", "prime", "plain", "prime", "prime", "carpet", "prime", "plain", "prime", "prime", "prime", "prime", "carpet", "plain", "search", "prime", "plain", "prime", "plain", "prime", "carpet", "plain", "carpet", "prime", "search", "prime", "plain", "prime", "plain", "prime", "carpet", "prime", "plain", "prime", "search", "prime", "prime", "carpet", "prime", "plain", "prime", "prime", "carpet", "prime", "search", "prime", "plain", "carpet", "plain", "plain", "prime", "search", "prime", "search", "prime", "plain", "carpet", "plain", "plain", "search", "prime", "plain", "prime", "carpet", "prime", "plain", "prime", "search", "prime", "plain", "carpet", "prime", "carpet", "carpet", "search", "plain", "plain", "prime"], "errlog_a": "Calculated chaos.", "errlog_b": "Calculated chaos.", "start_time": 360, "start_moves": 80, "turn_count": 80, "result": 0, "reason": "POINTS", "trapdoors": [[1, 4], [1, 4], [1, 5], [1, 6], [1, 6], [1, 6], [1, 6], [1, 5], [1, 6], [1, 6], [2, 6], [2, 5], [2, 5], [2, 4], [2, 4], [1, 4], [1, 4], [6, 3], [6, 2], [6, 2], [6, 2], [6, 2], [6, 2], [5, 2], [5, 2], [5, 2], [4, 2], [6, 2], [6, 1], [6, 1], [6, 1], [6, 1], [6, 1], [6, 1], [6, 1], [6, 0], [5, 0], [1, 0], [1, 1], [1, 1], [1, 1], [1, 1], [1, 1], [1, 1], [1, 1], [1, 1], [1, 1], [4, 3], [3, 3], [3, 3], [4, 3], [5, 3], [5, 3], [6, 3], [5, 3], [5, 3], [5, 3], [6, 3], [6, 4], [7, 4], [7, 4], [7, 3], [2, 2], [2, 3], [3, 3], [3, 3], [3, 4], [3, 4], [2, 4], [1, 4], [1, 4], [1, 5], [1, 5], [1, 6], [1, 6], [1, 6], [1, 6], [6, 2], [6, 2], [6, 2], [5, 2]], "spawn_a": [3, 5], "spawn_b": [4, 5]}