{"pos": [[2, 4], [4, 5], [2, 5], [4, 6], [1, 5], [4, 7], [1, 4], [3, 7], [1, 3], [3, 6], [2, 3], [4, 6], [2, 2], [4, 7], [1, 2], [3, 7], [1, 2], [4, 7], [0, 2], [4, 6], [0, 3], [4, 7], [0, 3], [3, 7], [0, 3], [3, 6], [2, 3], [4, 6], [3, 3], [3, 6], [3, 2], [3, 7], [4, 2], [3, 7], [5, 2], [3, 6], [5, 3], [3, 5], [5, 3], [3, 6], [6, 3], [3, 6], [6, 4], [3, 5], [5, 4], [3, 5], [4, 4], [2, 5], [4, 5], [1, 5], [4, 5], [0, 5], [3, 5], [0, 4], [3, 4], [1, 4], [3, 3], [1, 3], [3, 3], [1, 4], [3, 3], [1, 4], [4, 3], [1, 3], [4, 3], [2, 3], [4, 3], [1, 3], [3, 3], [1, 2], [3, 2], [0, 2], [3, 2], [1, 2], [3, 1], [1, 3], [4, 1], [1, 2], [4, 0]], "a_points": [0, 0, 1, 1, 2, 2, 2, 2, 3, 3, 4, 4, 5, 5, 6, 6, 10, 10, 11, 11, 12, 12, 10, 10, 14, 14, 16, 16, 16, 16, 16, 16, 17, 17, 18, 18, 19, 19, 23, 23, 24, 24, 25, 25, 26, 26, 27, 27, 28, 28, 32, 32, 33, 33, 34, 34, 34, 34, 32, 32, 30, 30, 30, 30, 28, 28, 32, 32, 33, 33, 32, 32, 36, 36, 36, 36, 37, 37, 38], "b_points": [0, 0, 0, 0, 0, 1, 1, 2, 2, 3, 3, 2, 2, 1, 1, 0, 0, 0, 0, 0, 0, 0, 0, 0, 0, 0, 0, 1, 1, 0, 0, 0, 0, 4, 4, 4, 4, 4, 4, 4, 4, 8, 8, 8, 8, 12, 12, 11, 11, 11, 11, 12, 12, 12, 12, 11, 11, 11, 11, 11, 11, 9, 9, 9, 9, 9, 9, 9, 9, 8, 8, 7, 7, 7, 7, 7, 7, 7, 7], "a_turns_left": [39, 39, 38, 38, 37, 37, 36, 36, 35, 35, 34, 34, 33, 33, 32, 32, 31, 31, 30, 30, 29, 29, 28, 28, 27, 27, 26, 26, 25, 25, 24, 24, 23, 23, 22, 22, 21, 21, 20, 20, 19, 19, 18, 18, 17, 17, 16, 16, 15, 15, 14, 14, 13, 13, 12, 12, 11, 11, 10, 10, 9, 9, 8, 8, 7, 7, 6, 6, 5, 5, 4, 4, 3, 3, 2, 2, 1, 1, 0], "b_turns_left": [40, 39, 39, 38, 38, 37, 37, 36, 36, 35, 35, 34, 34, 33, 33, 32, 32, 31, 31, 30, 30, 29, 29, 28, 28, 27, 27, 26, 26, 25, 25, 24, 24, 23, 23, 22, 22, 21, 21, 20, 20, 19, 19, 18, 18, 17, 17, 16, 16, 15, 15, 14, 14, 13, 13, 12, 12, 11, 11, 10, 10, 9, 9, 8, 8, 7, 7, 6, 6, 5, 5, 4, 4, 3, 3, 2, 2, 1, 1], "a_time_left": [355.243090820004, 355.243090820004, 346.234015798007, 346.234015798007, 339.93746198400913, 339.93746198400913, 334.71821729400835, 334.71821729400835, 328.39616976401885, 328.39616976401885, 321.8014227580279, 321.8014227580279, 312.4364998240344, 312.4364998240344, 303.06860824202886, 303.06860824202886, 294.34057016603765, 294.34057016603765, 284.94518959504785, 284.94518959504785, 277.45181828904606, 277.45181828904606, 270.9253342450538, 270.9253342450538, 264.7134394170571, 264.7134394170571, 255.0088051990606, 255.0088051990606, 248.66559778506053, 248.66559778506053, 239.8194108500611, 239.8194108500611, 230.9003239110607, 230.9003239110607, 224.9008650060714, 224.9008650060714, 216.97311936106416, 216.97311936106416, 209.810402636067, 209.810402636067, 199.62482914706925, 199.62482914706925, 193.29037915506342, 193.29037915506342, 182.6519050000643, 182.6519050000643, 173.69000412005698, 173.69000412005698, 166.2837357930548, 166.2837357930548, 155.29782569705276, 155.29782569705276, 148.98358222204843, 148.98358222204843, 137.6231765790435, 137.6231765790435, 126.25442883904907, 126.25442883904907, 115.37369472305, 115.37369472305, 103.9359993730468, 103.9359993730468, 92.48746673305868, 92.48746673305868, 81.0264455510478, 81.0264455510478, 69.55116288404679, 69.55116288404679, 63.07775776204653, 63.07775776204653, 54.382374417051324, 54.382374417051324, 46.73937031405512, 46.73937031405512, 38.86782125005266, 38.86782125005266, 29.185664997043204, 29.185664997043204, 14.640812923040357], "b_time_left": [360, 350.9727117720031, 350.9727117720031, 342.0730132660101, 342.0730132660101, 333.17083238300984, 333.17083238300984, 324.26612796701374, 324.26612796701374, 315.358320179017, 315.358320179017, 306.4477313980169, 306.4477313980169, 297.53427072001796, 297.53427072001796, 288.4271577030304, 288.4271577030304, 279.29497948102653, 279.29497948102653, 270.38544627102965, 270.38544627102965, 261.47214700703626, 261.47214700703626, 252.55521339803818, 252.55521339803818, 243.63505851704394, 243.63505851704394, 234.7111162870424, 234.7111162870424, 225.70450399404217, 225.70450399404217, 216.7762243760517, 216.7762243760517, 207.81467367404548, 207.81467367404548, 198.87880148005206, 198.87880148005206, 189.9384219560452, 189.9384219560452, 180.99330926703988, 180.99330926703988, 172.0434585200419, 172.0434585200419, 163.08803001504566, 163.08803001504566, 154.12749334603723, 154.12749334603723, 145.1608087640343, 145.1608087640343, 136.18785929003207, 136.18785929003207, 127.2079439440422, 127.2079439440422, 118.22134930003085, 118.22134930003085, 108.9614538900205, 108.9614538900205, 99.98083311101072, 99.98083311101072, 90.99070526701689, 90.99070526701689, 81.99134538701037, 81.99134538701037, 72.980817846008, 72.980817846008, 63.83567866901285, 63.83567866901285, 54.816067983018, 54.816067983018, 45.77987228501297, 45.77987228501297, 36.72384616199997, 36.72384616199997, 27.023695522992057, 27.023695522992057, 18.115688404999673, 18.115688404999673, 9.15764093400503, 9.15764093400503], "rat_caught": [false, false, false, false, false, false, false, false, false, false, false, false, false, false, false, false, true, false, false, false, false, false, false, false, true, false, false, false, false, false, false, false, false, true, false, false, false, false, true, false, false, true, false, false, false, true, false, false, false, false, true, false, false, false, false, false, false, false, false, false, false, false, false, false, false, false, true, false, false, false, false, false, true, false, false, false, false, false, false], "left_behind": ["plain", "plain", "prime", "plain", "prime", "prime", "plain", "prime", "prime", "prime", "prime", "carpet", "prime", "carpet", "prime", "carpet", "search", "plain", "prime", "plain", "prime", "plain", "search", "plain", "search", "plain", "carpet", "prime", "plain", "carpet", "plain", "plain", "prime", "search", "prime", "plain", "prime", "plain", "search", "plain", "prime", "search", "prime", "plain", "prime", "search", "prime", "carpet", "prime", "plain", "search", "prime", "prime", "plain", "prime", "carpet", "plain", "plain", "search", "plain", "search", "search", "plain", "plain", "search", "plain", "search", "plain", "prime", "carpet", "carpet", "carpet", "search", "plain", "plain", "plain", "prime", "plain", "prime"], "errlog_a": "Lets get lit!", "errlog_b": "Timeout", "start_time": 360, "start_moves": 80, "turn_count": 79, "result": 0, "reason": "TIMEOUT", "trapdoors": [[4, 1], [4, 2], [4, 2], [4, 2], [4, 2], [4, 3], [4, 3], [4, 2], [4, 2], [4, 2], [4, 2], [5, 2], [5, 3], [5, 4], [5, 4], [5, 4], [5, 4], [0, 4], [0, 4], [0, 4], [0, 4], [0, 3], [0, 3], [0, 3], [0, 3], [1, 0], [1, 0], [1, 0], [1, 0], [1, 0], [1, 1], [1, 2], [1, 2], [2, 2], [0, 6], [0, 6], [0, 7], [0, 7], [0, 7], [3, 6], [3, 6], [3, 6], [2, 5], [3, 5], [3, 5], [3, 5], [2, 6], [2, 6], [3, 6], [3, 6], [4, 6], [7, 1], [6, 1], [6, 1], [5, 1], [5, 2], [5, 2], [5, 2], [5, 2], [5, 1], [5, 2], [5, 3], [6, 3], [5, 3], [5, 3], [5, 3], [4, 3], [5, 1], [4, 1], [4, 0], [4, 1], [4, 1], [4, 1], [1, 6], [1, 7], [2, 7], [2, 7], [2, 7], [2, 7], [3, 7], [3, 7]], "spawn_a": [3, 4], "spawn_b": [4, 4]}