{"pos": [[2, 5], [3, 5], [2, 4], [2, 5], [2, 3], [2, 4], [2, 2], [2, 3], [3, 2], [2, 2], [3, 1], [3, 2], [4, 1], [3, 1], [4, 2], [4, 1], [5, 2], [4, 2], [5, 3], [5, 2], [5, 4], [5, 3], [5, 5], [5, 4], [4, 5], [5, 5], [4, 6], [4, 5], [3, 6], [4, 6], [3, 7], [3, 6], [4, 7], [3, 7], [5, 7], [4, 7], [5, 6], [5, 7], [5, 5], [5, 6], [5, 4], [4, 6], [6, 4], [5, 6], [6, 3], [4, 6], [7, 3], [4, 7], [7, 2], [4, 6], [6, 2], [3, 6], [5, 2], [4, 6], [7, 2], [3, 6], [6, 2], [3, 5], [6, 4], [3, 4], [6, 4], [3, 3], [5, 4], [3, 4], [4, 4], [3, 5], [4, 3], [2, 5], [3, 3], [3, 5], [2, 3], [4, 5], [4, 3], [4, 4], [5, 3], [5, 4], [5, 3], [5, 5], [5, 4], [5, 6]], "a_points": [1, 1, 2, 2, 3, 3, 4, 4, 5, 5, 6, 6, 7, 7, 8, 8, 9, 9, 10, 10, 11, 11, 12, 12, 13, 13, 14, 14, 15, 15, 16, 16, 17, 17, 18, 18, 19, 19, 20, 20, 20, 20, 20, 20, 21, 21, 22, 22, 23, 23, 24, 24, 25, 25, 27, 27, 27, 27, 29, 29, 33, 33, 33, 33, 33, 33, 34, 34, 35, 35, 36, 36, 38, 38, 38, 38, 42, 42, 42, 42], "b_points": [0, -1, -1, -2, -2, -3, -3, -4, -4, -5, -5, -6, -6, -7, -7, -8, -8, -9, -9, -10, -10, -11, -11, -12, -12, -13, -13, -14, -14, -15, -15, -16, -16, -17, -17, -18, -18, -19, -19, -20, -20, -20, -20, -20, -20, -20, -20, -20, -20, -20, -20, -20, -20, -20, -20, -20, -20, -20, -20, -20, -20, -19, -19, -20, -20, -20, -20, -20, -20, -20, -20, -20, -20, -21, -21, -21, -21, -21, -21, -21], "a_turns_left": [39, 39, 38, 38, 37, 37, 36, 36, 35, 35, 34, 34, 33, 33, 32, 32, 31, 31, 30, 30, 29, 29, 28, 28, 27, 27, 26, 26, 25, 25, 24, 24, 23, 23, 22, 22, 21, 21, 20, 20, 19, 19, 18, 18, 17, 17, 16, 16, 15, 15, 14, 14, 13, 13, 12, 12, 11, 11, 10, 10, 9, 9, 8, 8, 7, 7, 6, 6, 5, 5, 4, 4, 3, 3, 2, 2, 1, 1, 0, 0], "b_turns_left": [40, 39, 39, 38, 38, 37, 37, 36, 36, 35, 35, 34, 34, 33, 33, 32, 32, 31, 31, 30, 30, 29, 29, 28, 28, 27, 27, 26, 26, 25, 25, 24, 24, 23, 23, 22, 22, 21, 21, 20, 20, 19, 19, 18, 18, 17, 17, 16, 16, 15, 15, 14, 14, 13, 13, 12, 12, 11, 11, 10, 10, 9, 9, 8, 8, 7, 7, 6, 6, 5, 5, 4, 4, 3, 3, 2, 2, 1, 1, 0], "a_time_left": [358.42211458299425, 358.42211458299425, 357.50606408299063, 357.50606408299063, 356.5877614989877, 356.5877614989877, 355.68645754098543, 355.68645754098543, 355.0878082079871, 355.0878082079871, 354.2338562909863, 354.2338562909863, 353.4980989159958, 353.4980989159958, 352.89290529099526, 352.89290529099526, 352.11429312400287, 352.11429312400287, 351.4416671240033, 351.4416671240033, 350.65100620700105, 350.65100620700105, 349.85829383200326, 349.85829383200326, 349.31761791599274, 349.31761791599274, 348.7680991659872, 348.7680991659872, 348.19706724898424, 348.19706724898424, 347.72253204097797, 347.72253204097797, 347.49251745796937, 347.49251745796937, 347.32578408296104, 347.32578408296104, 347.23626966695883, 347.23626966695883, 347.12773954194563, 347.12773954194563, 347.05670466694573, 347.05670466694573, 346.7836230829562, 346.7836230829562, 346.56403574995056, 346.56403574995056, 346.19647379194794, 346.19647379194794, 345.9773493749526, 345.9773493749526, 345.7838585829595, 345.7838585829595, 345.5579820829589, 345.5579820829589, 345.3528191239602, 345.3528191239602, 345.19736687396653, 345.19736687396653, 345.0429484569613, 345.0429484569613, 344.7465222069586, 344.7465222069586, 344.42993091496464, 344.42993091496464, 344.2464602479595, 344.2464602479595, 343.8952255809563, 343.8952255809563, 343.432915288955, 343.432915288955, 343.10102316395205, 343.10102316395205, 342.92456653894624, 342.92456653894624, 342.80134070594795, 342.80134070594795, 342.712475830951, 342.712475830951, 342.69277762294223, 342.69277762294223], "b_time_left": [360, 359.99996962500154, 359.99996962500154, 359.999945500007, 359.999945500007, 359.9999241250189, 359.9999241250189, 359.99990562502353, 359.99990562502353, 359.9998774170235, 359.9998774170235, 359.9998598330276, 359.9998598330276, 359.99984187401424, 359.99984187401424, 359.9998222080176, 359.9998222080176, 359.99980308301747, 359.99980308301747, 359.99978416602244, 359.99978416602244, 359.9997657080239, 359.9997657080239, 359.9997461670282, 359.9997461670282, 359.9997153340373, 359.9997153340373, 359.9996964590391, 359.9996964590391, 359.999675751038, 359.999675751038, 359.99965887602593, 359.99965887602593, 359.99964171003376, 359.99964171003376, 359.99962571002834, 359.99962571002834, 359.9996117930277, 359.9996117930277, 359.99959766802203, 359.99959766802203, 359.9995842510107, 359.9995842510107, 359.99956904302235, 359.99956904302235, 359.9995544180274, 359.9995544180274, 359.9995369180251, 359.9995369180251, 359.99952329302323, 359.99952329302323, 359.999505210013, 359.999505210013, 359.9994883350155, 359.9994883350155, 359.9994731270126, 359.9994731270126, 359.99945916901925, 359.99945916901925, 359.9994460850139, 359.9994460850139, 359.99942758501857, 359.99942758501857, 359.9994086260267, 359.9994086260267, 359.9993937510153, 359.9993937510153, 359.999378292021, 359.999378292021, 359.9993630420213, 359.9993630420213, 359.99934608401963, 359.99934608401963, 359.9993303750234, 359.9993303750234, 359.99931504203414, 359.99931504203414, 359.99929912603693, 359.99929912603693, 359.9992880840291], "rat_caught": [false, false, false, false, false, false, false, false, false, false, false, false, false, false, false, false, false, false, false, false, false, false, false, false, false, false, false, false, false, false, false, false, false, false, false, false, false, false, false, false, false, false, false, false, false, false, false, false, false, false, false, false, false, false, false, false, false, false, false, false, true, false, false, false, false, false, false, false, false, false, false, false, false, false, false, false, true, false, false, false], "left_behind": ["prime", "carpet", "prime", "carpet", "prime", "carpet", "prime", "carpet", "prime", "carpet", "prime", "carpet", "prime", "carpet", "prime", "carpet", "prime", "carpet", "prime", "carpet", "prime", "carpet", "prime", "carpet", "prime", "carpet", "prime", "carpet", "prime", "carpet", "prime", "carpet", "prime", "carpet", "prime", "carpet", "prime", "carpet", "prime", "carpet", "plain", "plain", "plain", "plain", "prime", "plain", "prime", "plain", "prime", "plain", "prime", "plain", "prime", "plain", "carpet", "plain", "plain", "plain", "carpet", "plain", "search", "prime", "plain", "carpet", "plain", "plain", "prime", "plain", "prime", "plain", "prime", "plain", "carpet", "carpet", "plain", "plain", "search", "plain", "plain", "plain"], "errlog_a": "Calculated chaos.", "errlog_b": "I am Aggro-Yolanda, and I am here to carpet the world.", "start_time": 360, "start_moves": 80, "turn_count": 80, "result": 0, "reason": "POINTS", "trapdoors": [[1, 7], [0, 7], [0, 7], [1, 7], [0, 7], [0, 6], [0, 5], [0, 4], [0, 4], [0, 4], [0, 5], [0, 6], [0, 6], [0, 5], [0, 4], [0, 5], [0, 4], [0, 4], [0, 4], [0, 3], [0, 3], [0, 2], [0, 1], [0, 1], [0, 0], [0, 0], [1, 0], [2, 0], [3, 0], [4, 0], [5, 0], [5, 0], [6, 0], [7, 0], [7, 1], [7, 2], [7, 2], [7, 2], [7, 2], [7, 2], [7, 2], [7, 2], [7, 2], [7, 2], [7, 1], [7, 2], [7, 2], [7, 1], [7, 1], [6, 1], [6, 1], [6, 1], [6, 1], [6, 1], [6, 1], [6, 1], [6, 1], [5, 1], [5, 1], [6, 1], [6, 1], [2, 7], [2, 7], [1, 7], [1, 7], [1, 7], [1, 7], [1, 7], [1, 7], [0, 7], [0, 7], [0, 6], [0, 5], [1, 5], [1, 5], [0, 5], [0, 5], [0, 4], [0, 4], [0, 4], [0, 4]], "spawn_a": [3, 5], "spawn_b": [4, 5]}