{"pos": [[3, 4], [4, 4], [3, 3], [5, 4], [4, 3], [5, 3], [4, 5], [5, 2], [5, 5], [5, 1], [5, 2], [5, 1], [4, 2], [5, 1], [4, 1], [5, 1], [3, 1], [5, 0], [3, 1], [4, 0], [4, 1], [3, 0], [3, 1], [4, 0], [3, 2], [4, 1], [3, 1], [4, 2], [3, 5], [3, 2], [3, 5], [2, 2], [2, 5], [2, 2], [2, 5], [1, 2], [2, 6], [1, 2], [3, 6], [0, 2], [3, 6], [0, 3], [3, 7], [1, 3], [4, 7], [1, 3], [4, 7], [2, 3], [5, 7], [2, 4], [5, 6], [2, 4], [4, 6], [2, 6], [5, 6], [2, 7], [5, 6], [2, 6], [5, 5], [2, 6], [5, 5], [2, 5], [5, 4], [2, 4], [6, 4], [1, 4], [7, 4], [1, 4], [7, 3], [0, 4], [6, 3], [1, 4], [5, 3], [2, 4], [5, 3], [2, 5], [4, 3], [2, 3], [5, 3], [2, 4]], "a_points": [1, 1, 2, 2, 3, 3, 5, 5, 5, 5, 9, 9, 9, 9, 10, 10, 11, 11, 15, 15, 14, 14, 14, 14, 14, 14, 15, 15, 21, 21, 19, 19, 19, 19, 23, 23, 24, 24, 25, 25, 29, 29, 30, 30, 31, 31, 35, 35, 36, 36, 37, 37, 37, 37, 38, 38, 36, 36, 36, 36, 40, 40, 41, 41, 41, 41, 42, 42, 43, 43, 44, 44, 45, 45, 43, 43, 43, 43, 44, 44], "b_points": [0, 1, 1, 2, 2, 3, 3, 4, 4, 5, 5, 3, 3, 7, 7, 11, 11, 12, 12, 13, 13, 13, 13, 14, 14, 15, 15, 14, 14, 14, 14, 14, 14, 18, 18, 19, 19, 23, 23, 24, 24, 25, 25, 26, 26, 30, 30, 31, 31, 32, 32, 30, 30, 32, 32, 32, 32, 33, 33, 31, 31, 31, 31, 31, 31, 31, 31, 35, 35, 35, 35, 36, 36, 37, 37, 38, 38, 40, 40, 40], "a_turns_left": [39, 39, 38, 38, 37, 37, 36, 36, 35, 35, 34, 34, 33, 33, 32, 32, 31, 31, 30, 30, 29, 29, 28, 28, 27, 27, 26, 26, 25, 25, 24, 24, 23, 23, 22, 22, 21, 21, 20, 20, 19, 19, 18, 18, 17, 17, 16, 16, 15, 15, 14, 14, 13, 13, 12, 12, 11, 11, 10, 10, 9, 9, 8, 8, 7, 7, 6, 6, 5, 5, 4, 4, 3, 3, 2, 2, 1, 1, 0, 0], "b_turns_left": [40, 39, 39, 38, 38, 37, 37, 36, 36, 35, 35, 34, 34, 33, 33, 32, 32, 31, 31, 30, 30, 29, 29, 28, 28, 27, 27, 26, 26, 25, 25, 24, 24, 23, 23, 22, 22, 21, 21, 20, 20, 19, 19, 18, 18, 17, 17, 16, 16, 15, 15, 14, 14, 13, 13, 12, 12, 11, 11, 10, 10, 9, 9, 8, 8, 7, 7, 6, 6, 5, 5, 4, 4, 3, 3, 2, 2, 1, 1, 0], "a_time_left": [351.79963238000346, 351.79963238000346, 343.5726105939975, 343.5726105939975, 335.3260737410019, 335.3260737410019, 327.0570776509994, 327.0570776509994, 318.7664954110078, 318.7664954110078, 310.45230103500944, 310.45230103500944, 302.11539409101533, 302.11539409101533, 293.75249473801523, 293.75249473801523, 285.35794350401557, 285.35794350401557, 276.9473265240231, 276.9473265240231, 268.50700697702996, 268.50700697702996, 260.04060379002476, 260.04060379002476, 251.54722221601696, 251.54722221601696, 243.02663230001053, 243.02663230001053, 234.4740293650102, 234.4740293650102, 225.8883724570187, 225.8883724570187, 217.26943133601162, 217.26943133601162, 208.61717402900103, 208.61717402900103, 199.92845164499886, 199.92845164499886, 191.20270939600596, 191.20270939600596, 182.4361151940102, 182.4361151940102, 173.6275128880079, 173.6275128880079, 164.7743998960068, 164.7743998960068, 155.87437670600775, 155.87437670600775, 146.92371870801435, 146.92371870801435, 137.83578935201513, 137.83578935201513, 128.7772499860148, 128.7772499860148, 119.66547974302375, 119.66547974302375, 110.48806746803166, 110.48806746803166, 101.23680931703711, 101.23680931703711, 91.90579639704083, 91.90579639704083, 82.48782920003578, 82.48782920003578, 72.96574945304019, 72.96574945304019, 63.33674548503768, 63.33674548503768, 53.57321158303239, 53.57321158303239, 43.65145198602113, 43.65145198602113, 33.53097464401799, 33.53097464401799, 23.151993357023457, 23.151993357023457, 12.375666379011818, 12.375666379011818, 0.7999265320104314, 0.7999265320104314], "b_time_left": [360, 351.799642915008, 351.799642915008, 343.5750320070074, 343.5750320070074, 335.3287600490148, 335.3287600490148, 327.06059401101083, 327.06059401101083, 318.76804980801535, 318.76804980801535, 310.4533154310193, 310.4533154310193, 302.11630186002003, 302.11630186002003, 293.74698870501015, 293.74698870501015, 285.3595559450041, 285.3595559450041, 276.9464209190046, 276.9464209190046, 268.50940192599955, 268.50940192599955, 260.04438995500095, 260.04438995500095, 251.55320799500623, 251.55320799500623, 243.03145913300978, 243.03145913300978, 234.47875769200618, 234.47875769200618, 225.89094720200228, 225.89094720200228, 217.27187649499683, 217.27187649499683, 208.61875410098583, 208.61875410098583, 199.93014584099, 199.93014584099, 191.2037831209891, 191.2037831209891, 182.4367722219904, 182.4367722219904, 173.62849786398874, 173.62849786398874, 164.77609986400057, 164.77609986400057, 155.87698379599897, 155.87698379599897, 146.928537269996, 146.928537269996, 137.92561721499078, 137.92561721499078, 128.86770617999719, 128.86770617999719, 119.75004000798799, 119.75004000798799, 110.56523833298706, 110.56523833298706, 101.30487234899192, 101.30487234899192, 91.96681670898397, 91.96681670898397, 82.53734625897778, 82.53734625897778, 73.01557541698276, 73.01557541698276, 63.37836148998758, 63.37836148998758, 53.60877243799041, 53.60877243799041, 43.68041776199243, 43.68041776199243, 33.55574422098289, 33.55574422098289, 23.169528723985422, 23.169528723985422, 12.384425569980522, 12.384425569980522, 0.7998209689831128], "rat_caught": [false, false, false, false, false, false, false, false, false, false, false, false, false, true, false, true, false, false, true, false, false, false, false, false, false, false, false, false, false, false, false, false, false, true, true, false, false, true, false, false, true, false, false, false, false, true, true, false, false, false, false, false, false, false, false, false, false, false, false, false, true, false, false, false, false, false, false, true, false, false, false, false, false, false, false, false, false, false, false, false], "left_behind": ["prime", "prime", "prime", "prime", "prime", "prime", "carpet", "prime", "plain", "prime", "carpet", "search", "plain", "search", "prime", "search", "prime", "prime", "search", "prime", "carpet", "plain", "plain", "prime", "plain", "prime", "prime", "carpet", "carpet", "plain", "search", "plain", "plain", "search", "search", "prime", "prime", "search", "prime", "prime", "search", "prime", "prime", "prime", "prime", "search", "search", "prime", "prime", "prime", "prime", "search", "plain", "carpet", "prime", "plain", "search", "prime", "plain", "search", "search", "plain", "prime", "plain", "plain", "plain", "prime", "search", "prime", "plain", "prime", "prime", "prime", "prime", "search", "prime", "plain", "carpet", "prime", "plain"], "errlog_a": "locked in ?", "errlog_b": "locked in ?", "start_time": 360, "start_moves": 80, "turn_count": 80, "result": 0, "reason": "POINTS", "trapdoors": [[5, 1], [5, 1], [6, 1], [7, 1], [7, 2], [7, 2], [7, 1], [6, 1], [5, 1], [5, 1], [5, 1], [5, 1], [5, 1], [5, 1], [2, 7], [1, 7], [5, 0], [5, 0], [5, 0], [7, 3], [6, 3], [7, 3], [7, 3], [7, 4], [7, 4], [7, 4], [7, 4], [7, 4], [7, 4], [7, 4], [7, 5], [7, 6], [7, 6], [7, 7], [6, 0], [1, 0], [2, 0], [3, 0], [4, 6], [4, 6], [4, 6], [0, 4], [0, 4], [0, 4], [0, 4], [0, 4], [3, 7], [3, 0], [2, 0], [2, 0], [2, 0], [1, 0], [1, 0], [1, 0], [1, 0], [2, 0], [1, 0], [2, 0], [2, 0], [2, 0], [2, 0], [7, 5], [7, 6], [7, 6], [7, 7], [6, 7], [6, 7], [5, 7], [5, 5], [5, 5], [5, 6], [5, 6], [5, 6], [5, 6], [5, 5], [4, 5], [4, 6], [4, 7], [4, 7], [3, 7], [2, 7]], "spawn_a": [3, 5], "spawn_b": [4, 5]}