{"pos": [[2, 3], [5, 3], [1, 3], [2, 3], [1, 4], [2, 4], [1, 5], [2, 5], [1, 4], [2, 6], [0, 4], [2, 4], [0, 3], [3, 4], [1, 3], [3, 5], [2, 3], [3, 5], [3, 3], [3, 6], [3, 5], [3, 6], [4, 5], [3, 7], [4, 5], [3, 7], [4, 5], [2, 7], [4, 5], [2, 7], [4, 5], [2, 7], [4, 4], [2, 6], [4, 4], [2, 5], [5, 4], [2, 4], [6, 4], [2, 3], [6, 5], [2, 3], [6, 5], [3, 3], [5, 5], [3, 3], [5, 6], [3, 2], [4, 6], [3, 1], [4, 7], [3, 1], [5, 7], [3, 0], [5, 4], [2, 0], [5, 4], [2, 1], [5, 3], [2, 1], [5, 2], [2, 2], [4, 2], [2, 3], [4, 2], [2, 4], [4, 2], [2, 4], [4, 1], [2, 3], [4, 0], [3, 3], [5, 0], [3, 0], [5, 1], [3, 0], [5, 0], [4, 0], [5, 3], [4, 2]], "a_points": [1, 1, 2, 2, 2, 2, 2, 2, 3, 3, 4, 4, 5, 5, 6, 6, 7, 7, 7, 7, 9, 9, 9, 9, 7, 7, 5, 5, 3, 3, 1, 1, 2, 2, 6, 6, 7, 7, 8, 8, 9, 9, 7, 7, 8, 8, 9, 9, 10, 10, 11, 11, 11, 11, 15, 15, 19, 19, 19, 19, 20, 20, 21, 21, 19, 19, 17, 17, 18, 18, 19, 19, 20, 20, 20, 20, 21, 21, 25, 25], "b_points": [0, 1, 1, 5, 5, 5, 5, 6, 6, 7, 7, 9, 9, 9, 9, 10, 10, 8, 8, 9, 9, 7, 7, 8, 8, 6, 6, 7, 7, 5, 5, 3, 3, 4, 4, 5, 5, 5, 5, 5, 5, 3, 3, 3, 3, 1, 1, 1, 1, 2, 2, 6, 6, 7, 7, 8, 8, 9, 9, 13, 13, 14, 14, 15, 15, 15, 15, 19, 19, 19, 19, 19, 19, 23, 23, 27, 27, 26, 26, 28], "a_turns_left": [39, 39, 38, 38, 37, 37, 36, 36, 35, 35, 34, 34, 33, 33, 32, 32, 31, 31, 30, 30, 29, 29, 28, 28, 27, 27, 26, 26, 25, 25, 24, 24, 23, 23, 22, 22, 21, 21, 20, 20, 19, 19, 18, 18, 17, 17, 16, 16, 15, 15, 14, 14, 13, 13, 12, 12, 11, 11, 10, 10, 9, 9, 8, 8, 7, 7, 6, 6, 5, 5, 4, 4, 3, 3, 2, 2, 1, 1, 0, 0], "b_turns_left": [40, 39, 39, 38, 38, 37, 37, 36, 36, 35, 35, 34, 34, 33, 33, 32, 32, 31, 31, 30, 30, 29, 29, 28, 28, 27, 27, 26, 26, 25, 25, 24, 24, 23, 23, 22, 22, 21, 21, 20, 20, 19, 19, 18, 18, 17, 17, 16, 16, 15, 15, 14, 14, 13, 13, 12, 12, 11, 11, 10, 10, 9, 9, 8, 8, 7, 7, 6, 6, 5, 5, 4, 4, 3, 3, 2, 2, 1, 1, 0], "a_time_left": [351.7996803589922, 351.7996803589922, 343.5718339159939, 343.5718339159939, 335.32463252698653, 335.32463252698653, 327.05484365299344, 327.05484365299344, 318.7620722739957, 318.7620722739957, 310.445944305, 310.445944305, 302.10886713600485, 302.10886713600485, 293.748163975004, 293.748163975004, 285.36147111099854, 285.36147111099854, 276.95100263599306, 276.95100263599306, 268.51461411299533, 268.51461411299533, 260.0496045470063, 260.0496045470063, 251.55375943101535, 251.55375943101535, 243.03097107801295, 243.03097107801295, 234.47789722200832, 234.47789722200832, 225.89305192501342, 225.89305192501342, 217.27466236201872, 217.27466236201872, 208.62233454502712, 208.62233454502712, 199.93168861602317, 199.93168861602317, 191.2063460950303, 191.2063460950303, 182.44084985702648, 182.44084985702648, 173.63197833302547, 173.63197833302547, 164.7748064770276, 164.7748064770276, 155.87868900902686, 155.87868900902686, 146.9331496830273, 146.9331496830273, 137.93320687302912, 137.93320687302912, 128.87455073602905, 128.87455073602905, 119.7556128170254, 119.7556128170254, 110.57082431702293, 110.57082431702293, 101.31459915603045, 101.31459915603045, 91.97893187703448, 91.97893187703448, 82.55204167803458, 82.55204167803458, 73.02560832303425, 73.02560832303425, 63.38290089003567, 63.38290089003567, 53.61408161603322, 53.61408161603322, 43.68516578304116, 43.68516578304116, 33.55752166204911, 33.55752166204911, 23.169643014043686, 23.169643014043686, 12.384497661041678, 12.384497661041678, 0.7998599870334147, 0.7998599870334147], "b_time_left": [360, 351.79958881899074, 351.79958881899074, 343.57159583798784, 343.57159583798784, 335.3239500589989, 335.3239500589989, 327.0540732060035, 327.0540732060035, 318.76297924701066, 318.76297924701066, 310.44696476100944, 310.44696476100944, 302.1096593240072, 302.1096593240072, 293.7488154099992, 293.7488154099992, 285.3641961280082, 285.3641961280082, 276.95443268099916, 276.95443268099916, 268.5173111250042, 268.5173111250042, 260.05036094700336, 260.05036094700336, 251.55690815400158, 251.55690815400158, 243.03395812200324, 243.03395812200324, 234.48127603900502, 234.48127603900502, 225.89695158600807, 225.89695158600807, 217.27920558300684, 217.27920558300684, 208.6253206750116, 208.6253206750116, 199.93689091701526, 199.93689091701526, 191.21185075101675, 191.21185075101675, 182.44522389002668, 182.44522389002668, 173.63314235203143, 173.63314235203143, 164.78179071602062, 164.78179071602062, 155.88522285902582, 155.88522285902582, 146.93838726602553, 146.93838726602553, 137.9362238170288, 137.9362238170288, 128.87799950003682, 128.87799950003682, 119.7580430660455, 119.7580430660455, 110.57382038704236, 110.57382038704236, 101.31760115704674, 101.31760115704674, 91.98193189004087, 91.98193189004087, 82.55516206503671, 82.55516206503671, 73.02795069203421, 73.02795069203421, 63.390797230036696, 63.390797230036696, 53.62065621903457, 53.62065621903457, 43.69040790502913, 43.69040790502913, 33.54714382602833, 33.54714382602833, 23.16412155002763, 23.16412155002763, 12.381769405023078, 12.381769405023078, 0.79992447301629], "rat_caught": [false, false, false, false, false, false, false, false, false, false, false, false, false, false, false, false, false, false, false, false, false, false, false, false, false, false, false, false, false, false, false, false, false, false, true, false, false, false, false, false, false, false, false, false, false, false, false, false, false, false, false, true, false, false, false, false, true, false, false, true, false, false, false, false, false, false, false, true, false, false, false, false, false, false, false, true, false, false, false, false], "left_behind": ["prime", "prime", "prime", "carpet", "plain", "plain", "plain", "prime", "prime", "prime", "prime", "carpet", "prime", "plain", "prime", "prime", "prime", "search", "plain", "prime", "carpet", "search", "plain", "prime", "search", "search", "search", "prime", "search", "search", "search", "search", "prime", "prime", "search", "prime", "prime", "plain", "prime", "plain", "prime", "search", "search", "plain", "prime", "search", "prime", "plain", "prime", "prime", "prime", "search", "plain", "prime", "carpet", "prime", "search", "prime", "plain", "search", "prime", "prime", "prime", "prime", "search", "plain", "search", "search", "prime", "plain", "prime", "plain", "prime", "carpet", "plain", "search", "prime", "carpet", "carpet", "carpet"], "errlog_a": "locked in ?", "errlog_b": "locked in ?", "start_time": 360, "start_moves": 80, "turn_count": 80, "result": 1, "reason": "POINTS", "trapdoors": [[6, 2], [6, 2], [6, 2], [6, 2], [6, 2], [6, 2], [6, 2], [6, 1], [6, 1], [5, 1], [5, 1], [5, 1], [5, 1], [5, 1], [5, 1], [5, 1], [5, 2], [5, 2], [5, 3], [5, 4], [5, 4], [5, 4], [5, 5], [5, 6], [5, 6], [5, 6], [5, 5], [6, 5], [6, 5], [6, 5], [6, 4], [6, 3], [5, 3], [5, 3], [5, 4], [2, 2], [3, 2], [3, 2], [3, 2], [3, 3], [3, 3], [3, 3], [3, 3], [3, 3], [3, 4], [3, 4], [3, 4], [3, 4], [3, 4], [3, 4], [3, 4], [3, 4], [4, 5], [4, 5], [4, 5], [4, 5], [4, 5], [2, 1], [2, 1], [2, 1], [5, 7], [5, 7], [5, 7], [6, 7], [6, 7], [6, 7], [6, 6], [6, 6], [6, 2], [7, 2], [7, 2], [7, 3], [7, 3], [7, 3], [7, 3], [7, 3], [6, 2], [6, 2], [6, 2], [6, 2], [5, 2]], "spawn_a": [3, 3], "spawn_b": [4, 3]}