{"pos": [[2, 5], [5, 5], [2, 4], [5, 4], [2, 3], [6, 4], [3, 3], [6, 3], [3, 4], [5, 3], [4, 4], [5, 2], [4, 3], [4, 2], [4, 4], [4, 2], [4, 5], [4, 1], [4, 6], [4, 2], [4, 3], [3, 2], [4, 1], [4, 2], [3, 1], [3, 2], [4, 1], [4, 2], [4, 0], [3, 2], [5, 0], [4, 2], [5, 1], [5, 2], [4, 1], [4, 2], [3, 1], [4, 3], [3, 0], [4, 4], [3, 1], [4, 3], [3, 2], [2, 3], [2, 2], [3, 3], [1, 2], [3, 2], [2, 2], [3, 3], [3, 2], [3, 3], [3, 1], [2, 3], [2, 1], [1, 3], [3, 1], [0, 3], [3, 2], [1, 3], [3, 3], [2, 3], [3, 3], [2, 2]], "a_points": [1, 1, 2, 2, 3, 3, 4, 4, 5, 5, 6, 6, 6, 6, 7, 7, 8, 8, 9, 9, 13, 13, 15, 15, 15, 15, 16, 16, 16, 16, 17, 17, 18, 18, 19, 19, 18, 18, 18, 18, 19, 19, 19, 19, 19, 19, 19, 19, 20, 20, 21, 21, 21, 21, 21, 21, 22, 22, 22, 22, 22, 22, 26, 26], "b_points": [0, 0, 0, 1, 1, 2, 2, 3, 3, 4, 4, 5, 5, 6, 6, 4, 4, 4, 4, 5, 5, 6, 6, 7, 7, 6, 6, 6, 6, 6, 6, 6, 6, 5, 5, 5, 5, 5, 5, 5, 5, 5, 5, 7, 7, 7, 7, 7, 7, 7, 7, 5, 5, 5, 5, 5, 5, 5, 5, 6, 6, 7, 7, 6], "a_turns_left": [39, 39, 38, 38, 37, 37, 36, 36, 35, 35, 34, 34, 33, 33, 32, 32, 31, 31, 30, 30, 29, 29, 28, 28, 27, 27, 26, 26, 25, 25, 24, 24, 23, 23, 22, 22, 21, 21, 20, 20, 19, 19, 18, 18, 17, 17, 16, 16, 15, 15, 14, 14, 13, 13, 12, 12, 11, 11, 10, 10, 9, 9, 8, 8], "b_turns_left": [40, 39, 39, 38, 38, 37, 37, 36, 36, 35, 35, 34, 34, 33, 33, 32, 32, 31, 31, 30, 30, 29, 29, 28, 28, 27, 27, 26, 26, 25, 25, 24, 24, 23, 23, 22, 22, 21, 21, 20, 20, 19, 19, 18, 18, 17, 17, 16, 16, 15, 15, 14, 14, 13, 13, 12, 12, 11, 11, 10, 10, 9, 9, 8], "a_time_left": [353.7244169689948, 353.7244169689948, 347.8082298259833, 347.8082298259833, 340.6596525029745, 340.6596525029745, 335.3363274409785, 335.3363274409785, 323.81678459898103, 323.81678459898103, 310.73881248096586, 310.73881248096586, 298.14288105696323, 298.14288105696323, 286.790605268965, 286.790605268965, 279.41395066597033, 279.41395066597033, 272.83082335596555, 272.83082335596555, 259.9902607949625, 259.9902607949625, 247.34275521096424, 247.34275521096424, 236.15286234594532, 236.15286234594532, 227.04367344695493, 227.04367344695493, 221.21643459695042, 221.21643459695042, 208.74332934294944, 208.74332934294944, 196.64629482492455, 196.64629482492455, 184.65646567492513, 184.65646567492513, 172.86613766290247, 172.86613766290247, 161.6392586219008, 161.6392586219008, 158.03122036688728, 158.03122036688728, 154.56098637889954, 154.56098637889954, 151.37770349890343, 151.37770349890343, 144.8742884209205, 144.8742884209205, 140.32520887293504, 140.32520887293504, 131.76992902392522, 131.76992902392522, 124.05492710493854, 124.05492710493854, 115.3120567339356, 115.3120567339356, 106.45469713993953, 106.45469713993953, 102.18494610593189, 102.18494610593189, 97.70698036294198, 97.70698036294198, 89.29816187094548, 89.29816187094548], "b_time_left": [360, 347.2997494589945, 347.2997494589945, 340.3968526349927, 340.3968526349927, 332.51662786400993, 332.51662786400993, 322.71357101999456, 322.71357101999456, 316.08768709300784, 316.08768709300784, 303.3408224459854, 303.3408224459854, 290.7578915769991, 290.7578915769991, 279.98482221897575, 279.98482221897575, 271.30328886199277, 271.30328886199277, 263.44123823201517, 263.44123823201517, 257.69968805700773, 257.69968805700773, 248.63744402403245, 248.63744402403245, 242.11049210003694, 242.11049210003694, 233.61574626303627, 233.61574626303627, 226.53888199204812, 226.53888199204812, 218.36638757004403, 218.36638757004403, 205.67588141403394, 205.67588141403394, 199.54926280202926, 199.54926280202926, 191.38581079003052, 191.38581079003052, 182.748815354018, 182.748815354018, 177.25871605501743, 177.25871605501743, 168.7291984060139, 168.7291984060139, 162.98988423802075, 162.98988423802075, 154.95594928902574, 154.95594928902574, 149.3525221470336, 149.3525221470336, 142.5884505220456, 142.5884505220456, 137.07355498705874, 137.07355498705874, 132.58385314705083, 132.58385314705083, 125.9656336910557, 125.9656336910557, 119.37379925706773, 119.37379925706773, 114.24438075107173, 114.24438075107173, 108.37360893507139], "rat_caught": [false, false, false, false, false, false, false, false, false, false, false, false, false, false, false, false, false, false, false, false, false, false, false, false, false, false, false, false, false, false, false, false, false, false, false, false, false, false, false, false, false, false, false, false, false, false, false, false, false, false, false, false, false, false, false, false, false, false, false, false, false, false, true, false], "left_behind": ["prime", "plain", "prime", "prime", "prime", "prime", "prime", "prime", "prime", "prime", "prime", "prime", "plain", "prime", "prime", "search", "prime", "plain", "prime", "prime", "carpet", "prime", "carpet", "prime", "plain", "carpet", "prime", "plain", "plain", "plain", "prime", "plain", "prime", "carpet", "prime", "plain", "carpet", "plain", "plain", "plain", "prime", "plain", "plain", "carpet", "plain", "plain", "plain", "plain", "prime", "plain", "prime", "search", "plain", "plain", "plain", "plain", "prime", "plain", "plain", "prime", "plain", "prime", "search", "carpet"], "errlog_a": "Traceback (most recent call last):\n  File \"/Users/sachigoel/Documents/GT Files/Spring 2026/3600/dist/engine/player_process.py\", line 280, in run_player_process\n    player_move = player.play(\n                  ^^^^^^^^^^^^\n  File \"/Users/sachigoel/Documents/GT Files/Spring 2026/3600/dist/3600-agents/Numpy2/agent.py\", line 353, in play\n  File \"/Users/sachigoel/Documents/GT Files/Spring 2026/3600/dist/3600-agents/Numpy2/agent.py\", line 142, in check_rat_resets\n  File \"/Users/sachigoel/Documents/GT Files/Spring 2026/3600/dist/3600-agents/Numpy2/agent.py\", line 62, in reset_and_headstart\nAttributeError: 'NoneType' object has no attribute 'get_cell'\n", "errlog_b": "System Online | Searches: 2 | Ghost Rats: 2 (100.0%) | Max False Conf: 0.67", "start_time": 360, "start_moves": 80, "turn_count": 64, "result": 1, "reason": "CODE_CRASH", "trapdoors": [[3, 3], [3, 3], [3, 3], [3, 3], [3, 4], [3, 3], [3, 3], [3, 2], [3, 2], [2, 2], [2, 2], [2, 3], [2, 3], [2, 3], [2, 4], [2, 4], [1, 4], [1, 4], [1, 4], [1, 4], [1, 4], [1, 4], [1, 5], [1, 5], [1, 6], [2, 6], [2, 6], [2, 6], [2, 7], [2, 7], [2, 7], [3, 7], [4, 7], [5, 7], [4, 7], [5, 7], [6, 7], [6, 7], [6, 7], [6, 6], [6, 7], [6, 7], [5, 7], [5, 7], [5, 7], [5, 7], [5, 7], [5, 7], [5, 7], [5, 6], [5, 6], [5, 5], [5, 4], [5, 4], [6, 4], [5, 4], [5, 3], [5, 4], [5, 4], [5, 4], [4, 4], [4, 4], [4, 3], [5, 7], [4, 7], [5, 7]], "spawn_a": [3, 5], "spawn_b": [4, 5]}