{"pos": [[2, 4], [5, 4], [2, 3], [5, 4], [3, 3], [4, 4], [3, 3], [4, 3], [3, 2], [5, 3], [4, 2], [2, 3], [4, 1], [2, 5], [4, 1], [2, 6], [4, 2], [2, 7], [5, 2], [3, 7], [5, 3], [3, 6], [6, 3], [3, 5], [6, 4], [4, 5], [4, 4], [4, 6], [5, 4], [4, 6], [6, 4], [4, 7], [7, 4], [4, 5], [7, 4], [3, 5], [7, 5], [3, 4], [6, 5], [3, 3], [6, 4], [3, 5], [5, 4], [4, 5], [5, 5], [4, 4], [5, 4], [4, 3], [5, 2], [5, 3], [5, 2], [6, 3], [3, 2], [7, 3], [2, 2], [7, 2], [1, 2], [6, 2], [1, 2], [6, 3], [0, 2], [5, 3], [0, 3], [4, 3], [0, 3], [3, 3], [0, 4], [2, 3], [0, 5], [3, 3], [1, 5], [3, 4], [2, 5], [3, 5], [2, 4], [3, 4], [2, 3], [3, 3], [2, 4], [3, 4]], "a_points": [1, 1, 2, 2, 3, 3, 7, 7, 8, 8, 9, 9, 9, 9, 13, 13, 14, 14, 15, 15, 16, 16, 17, 17, 18, 18, 20, 20, 20, 20, 20, 20, 20, 20, 24, 24, 25, 25, 25, 25, 26, 26, 27, 27, 26, 26, 26, 26, 28, 28, 32, 32, 34, 34, 34, 34, 35, 35, 39, 39, 40, 40, 41, 41, 45, 45, 46, 46, 46, 46, 46, 46, 47, 47, 47, 47, 47, 47, 47, 47], "b_points": [0, 1, 1, 5, 5, 6, 6, 7, 7, 8, 8, 12, 12, 14, 14, 14, 14, 15, 15, 16, 16, 17, 17, 18, 18, 18, 18, 19, 19, 17, 17, 18, 18, 20, 20, 20, 20, 21, 21, 22, 22, 24, 24, 24, 24, 24, 24, 24, 24, 24, 24, 23, 23, 23, 23, 24, 24, 25, 25, 26, 26, 26, 26, 26, 26, 26, 26, 26, 26, 26, 26, 26, 26, 26, 26, 26, 26, 26, 26, 26], "a_turns_left": [39, 39, 38, 38, 37, 37, 36, 36, 35, 35, 34, 34, 33, 33, 32, 32, 31, 31, 30, 30, 29, 29, 28, 28, 27, 27, 26, 26, 25, 25, 24, 24, 23, 23, 22, 22, 21, 21, 20, 20, 19, 19, 18, 18, 17, 17, 16, 16, 15, 15, 14, 14, 13, 13, 12, 12, 11, 11, 10, 10, 9, 9, 8, 8, 7, 7, 6, 6, 5, 5, 4, 4, 3, 3, 2, 2, 1, 1, 0, 0], "b_turns_left": [40, 39, 39, 38, 38, 37, 37, 36, 36, 35, 35, 34, 34, 33, 33, 32, 32, 31, 31, 30, 30, 29, 29, 28, 28, 27, 27, 26, 26, 25, 25, 24, 24, 23, 23, 22, 22, 21, 21, 20, 20, 19, 19, 18, 18, 17, 17, 16, 16, 15, 15, 14, 14, 13, 13, 12, 12, 11, 11, 10, 10, 9, 9, 8, 8, 7, 7, 6, 6, 5, 5, 4, 4, 3, 3, 2, 2, 1, 1, 0], "a_time_left": [351.2440497429925, 351.2440497429925, 341.1546974349767, 341.1546974349767, 335.3822528179735, 335.3822528179735, 330.0537249009649, 330.0537249009649, 317.1012380779721, 317.1012380779721, 310.3746367339627, 310.3746367339627, 303.7263903649582, 303.7263903649582, 294.5869719579641, 294.5869719579641, 289.1780824989546, 289.1780824989546, 281.62342948495643, 281.62342948495643, 268.34199780997005, 268.34199780997005, 257.28567985698464, 257.28567985698464, 247.76516638198518, 247.76516638198518, 234.80013411297114, 234.80013411297114, 228.54709397198167, 228.54709397198167, 220.8209273800021, 220.8209273800021, 214.55826272099512, 214.55826272099512, 207.73399334200076, 207.73399334200076, 198.98346593801398, 198.98346593801398, 191.13203174300725, 191.13203174300725, 186.01185276301112, 186.01185276301112, 179.06464859901462, 179.06464859901462, 171.2420734660118, 171.2420734660118, 161.96873571001925, 161.96873571001925, 156.15489296099986, 156.15489296099986, 148.33338184599415, 148.33338184599415, 141.31129534498905, 141.31129534498905, 135.15306079998845, 135.15306079998845, 130.09372811796493, 130.09372811796493, 125.46550415694946, 125.46550415694946, 117.12406278293929, 117.12406278293929, 112.17847871195409, 112.17847871195409, 106.48631447996013, 106.48631447996013, 100.58410645194817, 100.58410645194817, 90.57010811296641, 90.57010811296641, 82.56362575496314, 82.56362575496314, 74.23793851493974, 74.23793851493974, 64.63062164891744, 64.63062164891744, 52.02319559789612, 52.02319559789612, 31.533494065894047, 31.533494065894047], "b_time_left": [360, 349.3074218449765, 349.3074218449765, 336.6722974299628, 336.6722974299628, 331.04931428295095, 331.04931428295095, 318.4279463889543, 318.4279463889543, 305.95981376295094, 305.95981376295094, 293.6469682669558, 293.6469682669558, 286.1616815269517, 286.1616815269517, 279.58042240393115, 279.58042240393115, 267.2747123649169, 267.2747123649169, 258.9794447509048, 258.9794447509048, 250.87272276289877, 250.87272276289877, 243.08093193289824, 243.08093193289824, 237.71658304188168, 237.71658304188168, 232.54618193287752, 232.54618193287752, 222.8575350898609, 222.8575350898609, 210.28578673387528, 210.28578673387528, 204.6526991718565, 204.6526991718565, 194.91694746285793, 194.91694746285793, 189.06843151384965, 189.06843151384965, 180.49410874885507, 180.49410874885507, 172.26899559085723, 172.26899559085723, 165.60412151084165, 165.60412151084165, 158.6655416598369, 158.6655416598369, 150.1319662128226, 150.1319662128226, 141.81036880082684, 141.81036880082684, 137.26625487185083, 137.26625487185083, 131.97814891685266, 131.97814891685266, 125.34885811884305, 125.34885811884305, 117.37047858783626, 117.37047858783626, 108.84100446983939, 108.84100446983939, 103.92054547983571, 103.92054547983571, 99.02114866982447, 99.02114866982447, 90.9100745258329, 90.9100745258329, 83.25757667183643, 83.25757667183643, 75.30127010683645, 75.30127010683645, 69.11498292486067, 69.11498292486067, 62.497487262880895, 62.497487262880895, 54.46799139288487, 54.46799139288487, 43.88744313290226, 43.88744313290226, 26.65216215190594], "rat_caught": [false, false, false, true, false, false, true, false, false, false, false, false, false, false, true, false, false, false, false, false, false, false, false, false, false, false, false, false, false, false, false, false, false, false, true, false, false, false, false, false, false, false, false, false, false, false, false, false, false, false, true, false, false, false, false, false, false, false, true, false, false, false, false, false, true, false, false, false, false, false, false, false, false, false, false, false, false, false, false, false], "left_behind": ["prime", "prime", "prime", "search", "prime", "prime", "search", "prime", "prime", "prime", "prime", "carpet", "plain", "carpet", "search", "plain", "prime", "prime", "prime", "prime", "prime", "prime", "prime", "prime", "prime", "plain", "carpet", "prime", "plain", "search", "plain", "prime", "plain", "carpet", "search", "plain", "prime", "prime", "plain", "prime", "prime", "carpet", "prime", "plain", "carpet", "plain", "plain", "plain", "carpet", "plain", "search", "carpet", "carpet", "plain", "plain", "prime", "prime", "prime", "search", "prime", "prime", "plain", "prime", "plain", "search", "plain", "prime", "plain", "plain", "plain", "plain", "plain", "prime", "plain", "plain", "plain", "plain", "plain", "plain", "plain"], "errlog_a": "System Online | Searches: 6 | Ghost Rats: 0 (0.0%) | Max False Conf: 0.00", "errlog_b": "System Online | Searches: 2 | Ghost Rats: 1 (50.0%) | Max False Conf: 0.72", "start_time": 360, "start_moves": 80, "turn_count": 80, "result": 0, "reason": "POINTS", "trapdoors": [[5, 5], [5, 5], [5, 5], [5, 5], [3, 3], [3, 3], [3, 3], [1, 6], [1, 6], [1, 7], [1, 7], [1, 7], [1, 7], [1, 7], [1, 7], [4, 6], [4, 6], [5, 6], [5, 7], [6, 7], [6, 6], [6, 6], [5, 6], [5, 6], [5, 7], [4, 7], [4, 7], [4, 7], [4, 7], [5, 7], [6, 7], [5, 7], [5, 7], [5, 6], [5, 5], [0, 5], [1, 5], [0, 5], [0, 5], [0, 6], [0, 6], [1, 6], [0, 6], [1, 6], [2, 6], [2, 6], [2, 6], [2, 6], [2, 7], [2, 7], [2, 7], [6, 6], [6, 6], [6, 6], [5, 6], [5, 6], [5, 5], [5, 5], [5, 5], [3, 1], [3, 1], [3, 2], [3, 2], [3, 2], [3, 2], [4, 7], [4, 7], [4, 7], [4, 7], [4, 7], [4, 7], [4, 7], [4, 6], [4, 6], [5, 6], [6, 6], [6, 6], [6, 5], [6, 5], [6, 5], [6, 5]], "spawn_a": [2, 5], "spawn_b": [5, 5]}