{"pos": [[3, 4], [4, 4], [3, 3], [5, 4], [4, 3], [5, 4], [4, 2], [3, 4], [5, 2], [3, 4], [5, 3], [2, 4], [6, 3], [2, 5], [7, 3], [2, 6], [7, 4], [2, 4], [7, 3], [2, 3], [3, 3], [2, 2], [3, 2], [2, 2], [3, 2], [2, 1], [3, 1], [2, 0], [2, 1], [3, 0], [3, 1], [4, 0], [4, 1], [2, 0], [4, 2], [3, 0], [2, 2], [3, 0], [2, 2], [3, 1], [2, 3], [4, 1], [1, 3], [4, 2], [0, 3], [4, 3], [1, 3], [4, 4], [1, 4], [5, 4], [2, 4], [5, 5], [2, 4], [6, 5], [2, 5], [3, 5], [2, 6], [3, 5], [3, 6], [2, 5], [3, 7], [3, 5], [3, 6], [4, 5], [4, 6], [5, 5], [3, 6], [5, 5], [3, 5], [5, 5], [4, 5], [6, 5], [4, 6], [6, 4], [4, 7], [6, 3], [4, 6], [5, 3], [4, 5], [4, 3]], "a_points": [1, 1, 2, 2, 3, 3, 4, 4, 5, 5, 6, 6, 7, 7, 8, 8, 9, 9, 8, 8, 14, 14, 14, 14, 18, 18, 19, 19, 18, 18, 18, 18, 19, 19, 18, 18, 20, 20, 24, 24, 23, 23, 23, 23, 23, 23, 24, 24, 25, 25, 26, 26, 30, 30, 30, 30, 30, 30, 31, 31, 31, 31, 32, 32, 32, 32, 32, 32, 33, 33, 33, 33, 33, 33, 33, 33, 34, 34, 35, 35], "b_points": [0, 1, 1, 2, 2, 6, 6, 8, 8, 12, 12, 12, 12, 13, 13, 14, 14, 16, 16, 16, 16, 17, 17, 15, 15, 16, 16, 17, 17, 18, 18, 19, 19, 21, 21, 21, 21, 25, 25, 24, 24, 24, 24, 25, 25, 25, 25, 25, 25, 25, 25, 26, 26, 27, 27, 31, 31, 29, 29, 29, 29, 29, 29, 29, 29, 29, 29, 27, 27, 31, 31, 31, 31, 32, 32, 33, 33, 33, 33, 33], "a_turns_left": [39, 39, 38, 38, 37, 37, 36, 36, 35, 35, 34, 34, 33, 33, 32, 32, 31, 31, 30, 30, 29, 29, 28, 28, 27, 27, 26, 26, 25, 25, 24, 24, 23, 23, 22, 22, 21, 21, 20, 20, 19, 19, 18, 18, 17, 17, 16, 16, 15, 15, 14, 14, 13, 13, 12, 12, 11, 11, 10, 10, 9, 9, 8, 8, 7, 7, 6, 6, 5, 5, 4, 4, 3, 3, 2, 2, 1, 1, 0, 0], "b_turns_left": [40, 39, 39, 38, 38, 37, 37, 36, 36, 35, 35, 34, 34, 33, 33, 32, 32, 31, 31, 30, 30, 29, 29, 28, 28, 27, 27, 26, 26, 25, 25, 24, 24, 23, 23, 22, 22, 21, 21, 20, 20, 19, 19, 18, 18, 17, 17, 16, 16, 15, 15, 14, 14, 13, 13, 12, 12, 11, 11, 10, 10, 9, 9, 8, 8, 7, 7, 6, 6, 5, 5, 4, 4, 3, 3, 2, 2, 1, 1, 0], "a_time_left": [354.3593926070025, 354.3593926070025, 348.0250670200039, 348.0250670200039, 337.8037181200052, 337.8037181200052, 331.1587863099994, 331.1587863099994, 325.5472563680087, 325.5472563680087, 315.3818150800071, 315.3818150800071, 302.2678268790187, 302.2678268790187, 289.32832389802206, 289.32832389802206, 276.5660143230343, 276.5660143230343, 271.27587535005296, 271.27587535005296, 265.057967469038, 265.057967469038, 258.89839081003447, 258.89839081003447, 249.9571896320267, 249.9571896320267, 243.84465428601834, 243.84465428601834, 233.26590769403265, 233.26590769403265, 225.07741514904774, 225.07741514904774, 218.04448614103603, 218.04448614103603, 210.95692889305064, 210.95692889305064, 205.48796566404053, 205.48796566404053, 199.50032826603274, 199.50032826603274, 194.0376985850453, 194.0376985850453, 187.5331751940248, 187.5331751940248, 179.07665166503284, 179.07665166503284, 169.34266560300603, 169.34266560300603, 162.60375501200906, 162.60375501200906, 156.52991897100583, 156.52991897100583, 150.98647634600638, 150.98647634600638, 143.98927003901917, 143.98927003901917, 138.27679262502352, 138.27679262502352, 135.97773370501818, 135.97773370501818, 127.2322726540151, 127.2322726540151, 116.88641093901242, 116.88641093901242, 106.62266364702373, 106.62266364702373, 101.83313222700963, 101.83313222700963, 89.1478196910175, 89.1478196910175, 75.91624313101056, 75.91624313101056, 64.55636333601433, 64.55636333601433, 56.19740703201387, 56.19740703201387, 45.4524668790109, 45.4524668790109, 28.946697287028655, 28.946697287028655], "b_time_left": [360, 351.6326557660068, 351.6326557660068, 346.4798073419952, 346.4798073419952, 341.29208534100326, 341.29208534100326, 329.17440734399133, 329.17440734399133, 323.6316358879849, 323.6316358879849, 315.3499001279706, 315.3499001279706, 308.01670107097016, 308.01670107097016, 302.4360844179755, 302.4360844179755, 296.13761241096654, 296.13761241096654, 289.12548523399164, 289.12548523399164, 282.2640683930076, 282.2640683930076, 272.86078241901123, 272.86078241901123, 266.12254542301525, 266.12254542301525, 259.67302894301247, 259.67302894301247, 253.38991807002458, 253.38991807002458, 246.11819196402212, 246.11819196402212, 239.43459235000773, 239.43459235000773, 224.61931808502413, 224.61931808502413, 211.6154342830414, 211.6154342830414, 204.54873724703793, 204.54873724703793, 195.12109985805, 195.12109985805, 186.70162689205608, 186.70162689205608, 177.12927416007733, 177.12927416007733, 170.52067071007332, 170.52067071007332, 160.65669991707546, 160.65669991707546, 152.492897415068, 152.492897415068, 148.0197805960779, 148.0197805960779, 143.70035919907968, 143.70035919907968, 136.160952511098, 136.160952511098, 125.0596590070927, 125.0596590070927, 118.9309780910844, 118.9309780910844, 108.07052178907907, 108.07052178907907, 102.15869801607914, 102.15869801607914, 91.57466008607298, 91.57466008607298, 80.56544447905617, 80.56544447905617, 78.93000119103817, 78.93000119103817, 71.05458120306139, 71.05458120306139, 64.54405617408338, 64.54405617408338, 53.304027394071454, 53.304027394071454, 35.00651869806461], "rat_caught": [false, false, false, false, false, true, false, false, false, true, false, false, false, false, false, false, false, false, false, false, false, false, false, false, true, false, false, false, false, false, false, false, false, false, false, false, false, true, true, false, false, false, false, false, false, false, false, false, false, false, false, false, true, false, false, false, false, false, false, false, false, false, false, false, false, false, false, false, false, true, false, false, false, false, false, false, false, false, false, false], "left_behind": ["prime", "prime", "prime", "prime", "prime", "search", "prime", "carpet", "prime", "search", "prime", "plain", "prime", "prime", "prime", "prime", "prime", "carpet", "carpet", "plain", "carpet", "prime", "plain", "search", "search", "prime", "prime", "prime", "carpet", "prime", "plain", "prime", "prime", "carpet", "carpet", "plain", "carpet", "search", "search", "carpet", "carpet", "plain", "plain", "prime", "plain", "plain", "prime", "plain", "prime", "plain", "prime", "prime", "search", "prime", "plain", "carpet", "plain", "search", "prime", "plain", "plain", "plain", "prime", "plain", "plain", "plain", "plain", "search", "prime", "search", "plain", "plain", "plain", "prime", "plain", "prime", "prime", "plain", "prime", "plain"], "errlog_a": "Depth: 3973 | Ghost Rats: 0 (0.0%) | Max False Conf: 0.00", "errlog_b": "Depth: 12967 | Ghost Rats: 3 (42.9%) | Max False Conf: 0.85", "start_time": 360, "start_moves": 80, "turn_count": 80, "result": 0, "reason": "POINTS", "trapdoors": [[4, 6], [4, 6], [4, 6], [4, 6], [4, 6], [4, 6], [4, 4], [4, 5], [4, 4], [4, 4], [1, 4], [1, 5], [1, 5], [0, 5], [0, 5], [1, 5], [1, 4], [1, 4], [1, 4], [1, 4], [1, 4], [1, 3], [1, 3], [1, 2], [1, 2], [0, 3], [0, 2], [1, 2], [1, 3], [1, 2], [1, 2], [2, 2], [2, 3], [2, 3], [2, 3], [2, 3], [2, 2], [2, 3], [2, 2], [1, 6], [1, 6], [2, 6], [2, 6], [1, 6], [1, 6], [2, 6], [2, 6], [2, 6], [2, 6], [2, 6], [2, 5], [2, 5], [2, 5], [5, 2], [5, 3], [5, 3], [5, 4], [5, 4], [6, 4], [6, 3], [6, 3], [6, 3], [6, 3], [6, 2], [5, 2], [5, 2], [5, 3], [5, 3], [5, 4], [4, 4], [3, 2], [2, 2], [1, 2], [1, 2], [1, 2], [2, 2], [2, 2], [2, 3], [2, 4], [2, 3], [2, 4]], "spawn_a": [3, 5], "spawn_b": [4, 5]}