{"pos": [[3, 3], [4, 3], [3, 4], [5, 3], [4, 4], [5, 4], [4, 5], [5, 4], [4, 2], [5, 5], [4, 2], [4, 5], [5, 2], [3, 5], [5, 5], [4, 5], [6, 5], [4, 6], [7, 5], [4, 5], [7, 4], [5, 5], [7, 4], [5, 6], [7, 3], [5, 7], [7, 4], [4, 7], [6, 4], [3, 7], [6, 3], [3, 7], [6, 2], [3, 6], [6, 2], [3, 7], [5, 2], [3, 2], [4, 2], [2, 2], [4, 2], [2, 3], [4, 2], [2, 4], [4, 1], [2, 5], [4, 2], [1, 5], [3, 2], [0, 5], [3, 1], [2, 5], [3, 2], [3, 5], [4, 2], [3, 6], [4, 2], [5, 6], [4, 2], [5, 5], [6, 2], [7, 5], [6, 4], [6, 5], [5, 4], [7, 5], [4, 4], [7, 3], [4, 3], [7, 2], [4, 4], [6, 2], [4, 3], [5, 2], [4, 2], [5, 3], [4, 3], [5, 4], [4, 4], [5, 5]], "a_points": [1, 1, 2, 2, 3, 3, 4, 4, 8, 8, 12, 12, 12, 12, 16, 16, 16, 16, 17, 17, 18, 18, 22, 22, 22, 22, 23, 23, 24, 24, 25, 25, 26, 26, 30, 30, 31, 31, 32, 32, 30, 30, 34, 34, 34, 34, 35, 35, 35, 35, 35, 35, 36, 36, 36, 36, 34, 34, 38, 38, 40, 40, 42, 42, 42, 42, 42, 42, 42, 42, 42, 42, 42, 42, 42, 42, 42, 42, 42, 42], "b_points": [0, 1, 1, 2, 2, 3, 3, 7, 7, 8, 8, 9, 9, 9, 9, 10, 10, 10, 10, 11, 11, 12, 12, 12, 12, 13, 13, 14, 14, 15, 15, 13, 13, 13, 13, 14, 14, 24, 24, 24, 24, 25, 25, 26, 26, 27, 27, 28, 28, 29, 29, 31, 31, 31, 31, 31, 31, 33, 33, 33, 33, 35, 35, 35, 35, 35, 35, 37, 37, 37, 37, 38, 38, 38, 38, 38, 38, 38, 38, 38], "a_turns_left": [39, 39, 38, 38, 37, 37, 36, 36, 35, 35, 34, 34, 33, 33, 32, 32, 31, 31, 30, 30, 29, 29, 28, 28, 27, 27, 26, 26, 25, 25, 24, 24, 23, 23, 22, 22, 21, 21, 20, 20, 19, 19, 18, 18, 17, 17, 16, 16, 15, 15, 14, 14, 13, 13, 12, 12, 11, 11, 10, 10, 9, 9, 8, 8, 7, 7, 6, 6, 5, 5, 4, 4, 3, 3, 2, 2, 1, 1, 0, 0], "b_turns_left": [40, 39, 39, 38, 38, 37, 37, 36, 36, 35, 35, 34, 34, 33, 33, 32, 32, 31, 31, 30, 30, 29, 29, 28, 28, 27, 27, 26, 26, 25, 25, 24, 24, 23, 23, 22, 22, 21, 21, 20, 20, 19, 19, 18, 18, 17, 17, 16, 16, 15, 15, 14, 14, 13, 13, 12, 12, 11, 11, 10, 10, 9, 9, 8, 8, 7, 7, 6, 6, 5, 5, 4, 4, 3, 3, 2, 2, 1, 1, 0], "a_time_left": [353.2796933350037, 353.2796933350037, 345.72256012199796, 345.72256012199796, 338.6281275060028, 338.6281275060028, 328.5656108039839, 328.5656108039839, 317.4009292339615, 317.4009292339615, 310.02454397897236, 310.02454397897236, 300.2945539399807, 300.2945539399807, 293.48483765497804, 293.48483765497804, 287.17118453898, 287.17118453898, 277.02373979197, 277.02373979197, 271.7425671199453, 271.7425671199453, 261.0571594669309, 261.0571594669309, 254.69508915391634, 254.69508915391634, 243.38948192691896, 243.38948192691896, 230.1477881699102, 230.1477881699102, 221.84587745190947, 221.84587745190947, 209.36271107490757, 209.36271107490757, 196.5085744279204, 196.5085744279204, 190.89542801491916, 190.89542801491916, 183.10122656394378, 183.10122656394378, 179.05410323495744, 179.05410323495744, 170.71465475694276, 170.71465475694276, 166.6438117659418, 166.6438117659418, 160.75721305294428, 160.75721305294428, 154.0643949599471, 154.0643949599471, 148.31179041793803, 148.31179041793803, 138.51792774893693, 138.51792774893693, 134.00908521693782, 134.00908521693782, 126.87766572195687, 126.87766572195687, 119.78730115995859, 119.78730115995859, 111.64938592296676, 111.64938592296676, 105.28954318695469, 105.28954318695469, 97.49219368794002, 97.49219368794002, 90.37792064592941, 90.37792064592941, 84.63757363893092, 84.63757363893092, 78.05150936392602, 78.05150936392602, 70.53697132490925, 70.53697132490925, 61.434505527926376, 61.434505527926376, 49.4640745089273, 49.4640745089273, 29.99856189993443, 29.99856189993443], "b_time_left": [360, 351.9151154120045, 351.9151154120045, 346.75782899701153, 346.75782899701153, 333.8699248000048, 333.8699248000048, 326.4519381910213, 326.4519381910213, 318.43598034002935, 318.43598034002935, 305.5886063640355, 305.5886063640355, 297.7531116050377, 297.7531116050377, 291.218096444034, 291.218096444034, 282.579308261018, 282.579308261018, 275.9307659250044, 275.9307659250044, 267.5529431120085, 267.5529431120085, 257.8459513790149, 257.8459513790149, 249.90262079102104, 249.90262079102104, 243.3258957650396, 243.3258957650396, 230.08778097503819, 230.08778097503819, 219.27404683004715, 219.27404683004715, 210.7022909860534, 210.7022909860534, 200.61789354204666, 200.61789354204666, 200.61767389904708, 200.61767389904708, 193.4424836000544, 193.4424836000544, 188.0971291770402, 188.0971291770402, 182.17493493005168, 182.17493493005168, 175.56033011403633, 175.56033011403633, 171.05204879303346, 171.05204879303346, 161.94205033502658, 161.94205033502658, 153.23483843103168, 153.23483843103168, 145.81090015204973, 145.81090015204973, 138.70130176306702, 138.70130176306702, 130.9588667570788, 130.9588667570788, 122.77803173309076, 122.77803173309076, 115.31007008109009, 115.31007008109009, 108.15203991706949, 108.15203991706949, 99.51389817305608, 99.51389817305608, 93.24691058506141, 93.24691058506141, 87.28685491206124, 87.28685491206124, 80.37864145304775, 80.37864145304775, 72.65871484501986, 72.65871484501986, 63.2891885980207, 63.2891885980207, 50.94831794404308, 50.94831794404308, 30.88903705604025], "rat_caught": [false, false, false, false, false, false, false, true, false, false, true, false, false, false, false, false, false, false, false, false, false, false, true, false, false, false, false, false, false, false, false, false, false, false, true, false, false, false, false, false, false, false, true, false, false, false, false, false, false, false, false, false, false, false, false, false, false, false, true, false, false, false, false, false, false, false, false, false, false, false, false, false, false, false, false, false, false, false, false, false], "left_behind": ["prime", "prime", "prime", "prime", "prime", "prime", "prime", "search", "carpet", "prime", "search", "prime", "plain", "plain", "carpet", "prime", "plain", "plain", "prime", "prime", "prime", "prime", "search", "plain", "plain", "prime", "prime", "prime", "prime", "prime", "prime", "search", "prime", "plain", "search", "prime", "prime", "carpet", "prime", "plain", "search", "prime", "search", "prime", "plain", "prime", "prime", "prime", "plain", "prime", "plain", "carpet", "prime", "plain", "plain", "plain", "search", "carpet", "search", "plain", "carpet", "carpet", "carpet", "plain", "plain", "plain", "plain", "carpet", "plain", "plain", "plain", "prime", "plain", "plain", "plain", "plain", "plain", "plain", "plain", "plain"], "errlog_a": "Depth: 13768 | Ghost Rats: 2 (28.6%) | Max False Conf: 0.89", "errlog_b": "Depth: 29182 | Ghost Rats: 1 (50.0%) | Max False Conf: 0.70", "start_time": 360, "start_moves": 80, "turn_count": 80, "result": 0, "reason": "POINTS", "trapdoors": [[5, 4], [5, 4], [5, 4], [5, 4], [5, 4], [5, 4], [5, 4], [5, 4], [3, 0], [3, 0], [3, 1], [1, 7], [0, 7], [0, 7], [1, 7], [1, 7], [0, 7], [0, 7], [0, 7], [0, 7], [0, 7], [0, 7], [0, 7], [0, 5], [0, 5], [0, 5], [0, 4], [0, 3], [0, 2], [0, 1], [0, 0], [0, 0], [0, 0], [0, 0], [0, 0], [5, 1], [5, 2], [5, 2], [4, 2], [4, 2], [4, 2], [4, 3], [4, 3], [4, 5], [4, 5], [5, 5], [5, 5], [5, 6], [5, 6], [5, 6], [5, 6], [5, 6], [5, 6], [5, 5], [5, 5], [5, 5], [5, 5], [4, 5], [4, 5], [1, 4], [0, 4], [0, 3], [1, 3], [0, 3], [0, 3], [0, 3], [0, 3], [0, 2], [0, 2], [0, 2], [0, 1], [0, 1], [0, 0], [0, 0], [0, 0], [0, 0], [0, 0], [1, 0], [1, 0], [1, 0], [2, 0]], "spawn_a": [3, 2], "spawn_b": [4, 2]}