{"pos": [[2, 5], [5, 3], [1, 5], [4, 3], [1, 4], [4, 4], [1, 3], [4, 5], [2, 3], [4, 6], [2, 2], [4, 7], [3, 2], [4, 5], [2, 2], [5, 5], [1, 2], [6, 5], [3, 2], [6, 4], [3, 1], [6, 4], [4, 1], [6, 3], [4, 2], [4, 3], [5, 2], [4, 3], [4, 2], [3, 3], [4, 3], [3, 4], [4, 3], [3, 3], [4, 4], [3, 4], [4, 3], [3, 3], [4, 4], [3, 4], [4, 4], [3, 5], [3, 4], [3, 6], [3, 5], [4, 6], [4, 5], [3, 6], [3, 5], [3, 6], [1, 5], [3, 5], [2, 5], [3, 4], [3, 5], [3, 3], [3, 4], [4, 3], [4, 4], [4, 1], [6, 4], [4, 0], [7, 4], [5, 0], [7, 3], [5, 1], [6, 3], [5, 1], [5, 3], [5, 2], [4, 3], [5, 3], [4, 4], [5, 4], [4, 3], [5, 4], [4, 4], [5, 3], [4, 3], [5, 2]], "a_points": [1, 1, 2, 2, 3, 3, 4, 4, 5, 5, 6, 6, 6, 6, 7, 7, 8, 8, 10, 10, 10, 10, 11, 11, 12, 12, 12, 12, 12, 12, 13, 13, 17, 17, 16, 16, 16, 16, 16, 16, 20, 20, 20, 20, 19, 19, 19, 19, 19, 19, 21, 21, 21, 21, 21, 21, 21, 21, 21, 21, 23, 23, 23, 23, 24, 24, 25, 25, 26, 26, 26, 26, 26, 26, 26, 26, 26, 26, 26, 26], "b_points": [0, 1, 1, 2, 2, 3, 3, 4, 4, 5, 5, 6, 6, 8, 8, 8, 8, 9, 9, 10, 10, 14, 14, 15, 15, 17, 17, 15, 15, 15, 15, 15, 15, 15, 15, 15, 15, 16, 16, 15, 15, 15, 15, 16, 16, 17, 17, 16, 16, 20, 20, 20, 20, 20, 20, 20, 20, 21, 21, 23, 23, 23, 23, 24, 24, 25, 25, 23, 23, 24, 24, 25, 25, 25, 25, 29, 29, 29, 29, 28], "a_turns_left": [39, 39, 38, 38, 37, 37, 36, 36, 35, 35, 34, 34, 33, 33, 32, 32, 31, 31, 30, 30, 29, 29, 28, 28, 27, 27, 26, 26, 25, 25, 24, 24, 23, 23, 22, 22, 21, 21, 20, 20, 19, 19, 18, 18, 17, 17, 16, 16, 15, 15, 14, 14, 13, 13, 12, 12, 11, 11, 10, 10, 9, 9, 8, 8, 7, 7, 6, 6, 5, 5, 4, 4, 3, 3, 2, 2, 1, 1, 0, 0], "b_turns_left": [40, 39, 39, 38, 38, 37, 37, 36, 36, 35, 35, 34, 34, 33, 33, 32, 32, 31, 31, 30, 30, 29, 29, 28, 28, 27, 27, 26, 26, 25, 25, 24, 24, 23, 23, 22, 22, 21, 21, 20, 20, 19, 19, 18, 18, 17, 17, 16, 16, 15, 15, 14, 14, 13, 13, 12, 12, 11, 11, 10, 10, 9, 9, 8, 8, 7, 7, 6, 6, 5, 5, 4, 4, 3, 3, 2, 2, 1, 1, 0], "a_time_left": [354.37813430000097, 354.37813430000097, 342.35597905601026, 342.35597905601026, 333.95016174498596, 333.95016174498596, 327.82763756997883, 327.82763756997883, 321.03757294398383, 321.03757294398383, 311.08931479399325, 311.08931479399325, 302.33102319098543, 302.33102319098543, 297.0312279200007, 297.0312279200007, 291.5858100299956, 291.5858100299956, 278.9873401799996, 278.9873401799996, 267.0628135470033, 267.0628135470033, 256.2380425479787, 256.2380425479787, 247.1377182569704, 247.1377182569704, 240.96244434497203, 240.96244434497203, 228.40165328996954, 228.40165328996954, 220.14409860497108, 220.14409860497108, 207.1842553789902, 207.1842553789902, 195.384143526986, 195.384143526986, 187.5013727429614, 187.5013727429614, 179.20762962495792, 179.20762962495792, 172.75922006595647, 172.75922006595647, 167.75484196297475, 167.75484196297475, 162.27852970096865, 162.27852970096865, 157.31987216995913, 157.31987216995913, 151.4546429379552, 151.4546429379552, 145.97877957695164, 145.97877957695164, 141.781928716955, 141.781928716955, 136.3900551199622, 136.3900551199622, 129.11036141394288, 129.11036141394288, 118.32126055296976, 118.32126055296976, 110.36706242596847, 110.36706242596847, 100.46346126095159, 100.46346126095159, 94.9821020399686, 94.9821020399686, 89.46058513098978, 89.46058513098978, 80.92163022098248, 80.92163022098248, 73.66923846997088, 73.66923846997088, 66.30121608497575, 66.30121608497575, 57.73580436297925, 57.73580436297925, 46.500159669987625, 46.500159669987625, 28.218834268976934, 28.218834268976934], "b_time_left": [360, 354.21283555199625, 354.21283555199625, 343.9283419229905, 343.9283419229905, 331.15136955300113, 331.15136955300113, 319.2445926599903, 319.2445926599903, 312.40310688098543, 312.40310688098543, 305.5239098609891, 305.5239098609891, 298.52874450199306, 298.52874450199306, 287.41810743001406, 287.41810743001406, 278.7101105200127, 278.7101105200127, 266.02322652202565, 266.02322652202565, 256.29738143403665, 256.29738143403665, 246.58076258402434, 246.58076258402434, 238.30346191502758, 238.30346191502758, 233.1620352510363, 233.1620352510363, 223.80068385903724, 223.80068385903724, 213.84942895403947, 213.84942895403947, 201.2828476470604, 201.2828476470604, 194.8739263160678, 194.8739263160678, 187.27980217107688, 187.27980217107688, 175.2870793340844, 175.2870793340844, 170.8862313120917, 170.8862313120917, 163.63597827410558, 163.63597827410558, 158.42025438911514, 158.42025438911514, 153.94067491410533, 153.94067491410533, 149.03627925209003, 149.03627925209003, 144.39614579308545, 144.39614579308545, 138.2431932130712, 138.2431932130712, 128.40840161708184, 128.40840161708184, 120.77054650706123, 120.77054650706123, 110.59073455806356, 110.59073455806356, 102.11819600104354, 102.11819600104354, 96.40641433204291, 96.40641433204291, 88.78524345502956, 88.78524345502956, 82.07847380804014, 82.07847380804014, 75.19974259004812, 75.19974259004812, 68.82236425403971, 68.82236425403971, 62.23467512906063, 62.23467512906063, 54.22407658805605, 54.22407658805605, 43.69472024604329, 43.69472024604329, 26.535877909045666], "rat_caught": [false, false, false, false, false, false, false, false, false, false, false, false, false, false, false, false, false, false, false, false, false, true, false, false, false, false, false, false, false, false, false, false, true, false, false, false, false, false, false, false, true, false, false, false, false, false, false, false, false, true, false, false, false, false, false, false, false, false, false, false, false, false, false, false, false, false, false, false, false, false, false, false, false, false, false, true, false, false, false, false], "left_behind": ["prime", "prime", "prime", "prime", "prime", "prime", "prime", "prime", "prime", "prime", "prime", "prime", "plain", "carpet", "prime", "plain", "prime", "prime", "carpet", "prime", "plain", "search", "prime", "prime", "prime", "carpet", "plain", "search", "plain", "plain", "prime", "plain", "search", "plain", "carpet", "plain", "plain", "prime", "plain", "carpet", "search", "plain", "plain", "prime", "carpet", "prime", "plain", "carpet", "plain", "search", "carpet", "plain", "plain", "plain", "plain", "plain", "plain", "prime", "plain", "carpet", "carpet", "plain", "plain", "prime", "prime", "prime", "prime", "search", "prime", "prime", "plain", "prime", "plain", "plain", "plain", "search", "plain", "plain", "plain", "carpet"], "errlog_a": "Depth: 6152 | Ghost Rats: 0 (0.0%) | Max False Conf: 0.00", "errlog_b": "Depth: 17361 | Ghost Rats: 2 (40.0%) | Max False Conf: 0.77", "start_time": 360, "start_moves": 80, "turn_count": 80, "result": 1, "reason": "POINTS", "trapdoors": [[5, 2], [5, 2], [5, 2], [4, 2], [4, 2], [4, 2], [4, 2], [4, 2], [4, 2], [4, 2], [4, 2], [4, 2], [5, 2], [5, 2], [6, 2], [6, 1], [6, 0], [5, 0], [5, 0], [4, 0], [3, 0], [2, 0], [6, 3], [6, 2], [6, 1], [6, 1], [6, 1], [6, 1], [6, 1], [6, 0], [6, 0], [6, 0], [5, 0], [2, 5], [2, 6], [3, 6], [3, 6], [3, 6], [3, 6], [3, 5], [3, 5], [4, 0], [3, 0], [3, 1], [4, 1], [4, 1], [4, 1], [4, 1], [4, 2], [5, 2], [5, 2], [5, 2], [6, 2], [6, 2], [6, 2], [6, 2], [6, 2], [6, 2], [6, 2], [6, 2], [5, 2], [6, 2], [6, 2], [6, 2], [6, 1], [6, 1], [6, 1], [6, 1], [6, 1], [6, 0], [6, 0], [6, 0], [5, 0], [5, 0], [4, 0], [3, 0], [1, 4], [0, 4], [0, 4], [0, 5], [0, 5]], "spawn_a": [2, 4], "spawn_b": [5, 4]}