{"pos": [[2, 3], [5, 3], [2, 2], [5, 2], [3, 2], [4, 2], [3, 3], [4, 3], [3, 4], [4, 4], [3, 5], [2, 4], [3, 4], [1, 4], [3, 2], [0, 4], [4, 2], [0, 3], [4, 1], [0, 2], [3, 1], [1, 2], [2, 1], [1, 3], [2, 0], [1, 3], [2, 3], [1, 3], [2, 4], [1, 2], [2, 5], [2, 2], [2, 6], [2, 1], [3, 6], [2, 0], [3, 7], [3, 0], [4, 7], [4, 0], [4, 6], [4, 3], [4, 5], [4, 4], [5, 5], [4, 5], [5, 2], [5, 5], [5, 1], [6, 5], [5, 1], [7, 5], [5, 0], [7, 4], [4, 0], [7, 4], [4, 1], [7, 3], [4, 2], [6, 3], [4, 3], [5, 3], [4, 4], [7, 3], [4, 5], [7, 5], [6, 5], [7, 5], [5, 5], [6, 5], [4, 5], [6, 4], [4, 6], [5, 4], [4, 5], [5, 3], [4, 6], [4, 3], [4, 5], [3, 3]], "a_points": [1, 1, 2, 2, 3, 3, 4, 4, 5, 5, 6, 6, 7, 7, 9, 9, 9, 9, 10, 10, 11, 11, 12, 12, 13, 13, 17, 17, 17, 17, 17, 17, 18, 18, 19, 19, 20, 20, 21, 21, 22, 22, 22, 22, 23, 23, 27, 27, 27, 27, 25, 25, 26, 26, 27, 27, 28, 28, 28, 28, 28, 28, 28, 28, 29, 29, 31, 31, 31, 31, 31, 31, 31, 31, 31, 31, 31, 31, 32, 32], "b_points": [0, 1, 1, 2, 2, 3, 3, 3, 3, 4, 4, 6, 6, 6, 6, 7, 7, 8, 8, 9, 9, 9, 9, 9, 9, 7, 7, 5, 5, 6, 6, 6, 6, 6, 6, 6, 6, 7, 7, 8, 8, 12, 12, 12, 12, 11, 11, 11, 11, 12, 12, 13, 13, 14, 14, 12, 12, 13, 13, 14, 14, 15, 15, 17, 17, 19, 19, 17, 17, 17, 17, 17, 17, 18, 18, 18, 18, 18, 18, 18], "a_turns_left": [39, 39, 38, 38, 37, 37, 36, 36, 35, 35, 34, 34, 33, 33, 32, 32, 31, 31, 30, 30, 29, 29, 28, 28, 27, 27, 26, 26, 25, 25, 24, 24, 23, 23, 22, 22, 21, 21, 20, 20, 19, 19, 18, 18, 17, 17, 16, 16, 15, 15, 14, 14, 13, 13, 12, 12, 11, 11, 10, 10, 9, 9, 8, 8, 7, 7, 6, 6, 5, 5, 4, 4, 3, 3, 2, 2, 1, 1, 0, 0], "b_turns_left": [40, 39, 39, 38, 38, 37, 37, 36, 36, 35, 35, 34, 34, 33, 33, 32, 32, 31, 31, 30, 30, 29, 29, 28, 28, 27, 27, 26, 26, 25, 25, 24, 24, 23, 23, 22, 22, 21, 21, 20, 20, 19, 19, 18, 18, 17, 17, 16, 16, 15, 15, 14, 14, 13, 13, 12, 12, 11, 11, 10, 10, 9, 9, 8, 8, 7, 7, 6, 6, 5, 5, 4, 4, 3, 3, 2, 2, 1, 1, 0], "a_time_left": [351.14917823499127, 351.14917823499127, 342.2950737959909, 342.2950737959909, 333.4371672790003, 333.4371672790003, 324.5751326830068, 324.5751326830068, 315.7089649670088, 315.7089649670088, 306.8384490100143, 306.8384490100143, 297.9636876800214, 297.9636876800214, 289.08429991602316, 289.08429991602316, 280.9326637590275, 280.9326637590275, 275.98891449502844, 275.98891449502844, 266.93863513202814, 266.93863513202814, 261.61886396202317, 261.61886396202317, 254.6269305900205, 254.6269305900205, 254.62671814301575, 254.62671814301575, 249.5478148690163, 249.5478148690163, 240.07667442302045, 240.07667442302045, 230.22339375602314, 230.22339375602314, 223.399105435019, 223.399105435019, 217.68216806002602, 217.68216806002602, 207.46625612903154, 207.46625612903154, 197.2427901320334, 197.2427901320334, 187.01149626904225, 187.01149626904225, 177.73572275103652, 177.73572275103652, 177.73553079002886, 177.73553079002886, 170.6072242600203, 170.6072242600203, 164.0828476400202, 164.0828476400202, 152.5125295940088, 152.5125295940088, 141.28137453201634, 141.28137453201634, 135.12848764001683, 135.12848764001683, 127.08322664001025, 127.08322664001025, 114.52469205400848, 114.52469205400848, 107.74281708600756, 107.74281708600756, 100.52960184801486, 100.52960184801486, 91.9333440320188, 91.9333440320188, 81.75830521401076, 81.75830521401076, 72.25510330501129, 72.25510330501129, 63.07412890500564, 63.07412890500564, 52.48512254700472, 52.48512254700472, 39.43471172900172, 39.43471172900172, 19.790592986013507, 19.790592986013507], "b_time_left": [360, 351.14985969399277, 351.14985969399277, 342.29584186199645, 342.29584186199645, 333.4379333229881, 333.4379333229881, 324.57571340099094, 324.57571340099094, 315.70962792399223, 315.70962792399223, 307.9958150159946, 307.9958150159946, 299.57770846100175, 299.57770846100175, 294.49993640700995, 294.49993640700995, 289.5452010510053, 289.5452010510053, 280.35403737801244, 280.35403737801244, 273.27832854600274, 273.27832854600274, 266.68147055500594, 266.68147055500594, 257.30672583100386, 257.30672583100386, 252.2141609100072, 252.2141609100072, 242.66350119801064, 242.66350119801064, 235.1933568930108, 235.1933568930108, 228.43361816101242, 228.43361816101242, 218.65163149101136, 218.65163149101136, 212.35247669101227, 212.35247669101227, 205.31433917001414, 205.31433917001414, 205.31416826602072, 205.31416826602072, 196.50539810201735, 196.50539810201735, 188.41389136401995, 188.41389136401995, 179.31919587001903, 179.31919587001903, 168.26152913102123, 168.26152913102123, 157.19371451501502, 157.19371451501502, 151.47155456001929, 151.47155456001929, 145.1101994980272, 145.1101994980272, 137.23706374403264, 137.23706374403264, 128.01470214802248, 128.01470214802248, 115.87677128401992, 115.87677128401992, 108.03931947801902, 108.03931947801902, 97.96045949200925, 97.96045949200925, 88.38910668101744, 88.38910668101744, 80.63233116101765, 80.63233116101765, 69.45154123201792, 69.45154123201792, 60.0918996570108, 60.0918996570108, 50.074258684006054, 50.074258684006054, 37.62681807600893, 37.62681807600893, 18.888144976997864], "rat_caught": [false, false, false, false, false, false, false, false, false, false, false, false, false, false, false, false, false, false, false, false, false, false, false, false, false, false, false, false, false, false, false, false, false, false, false, false, false, false, false, false, false, false, false, false, false, false, false, false, false, false, false, false, false, false, false, false, false, false, false, false, false, false, false, false, false, false, false, false, false, false, false, false, false, false, false, false, false, false, false, false], "left_behind": ["prime", "prime", "prime", "prime", "prime", "prime", "prime", "plain", "prime", "prime", "prime", "carpet", "prime", "plain", "carpet", "prime", "plain", "prime", "prime", "prime", "prime", "plain", "prime", "plain", "prime", "search", "carpet", "search", "plain", "prime", "plain", "plain", "prime", "plain", "prime", "plain", "prime", "prime", "prime", "prime", "prime", "carpet", "plain", "plain", "prime", "carpet", "carpet", "plain", "plain", "prime", "search", "prime", "prime", "prime", "prime", "search", "prime", "prime", "plain", "prime", "plain", "prime", "plain", "carpet", "prime", "carpet", "carpet", "search", "plain", "plain", "plain", "plain", "plain", "prime", "plain", "plain", "plain", "plain", "prime", "plain"], "errlog_a": "Your plaster is mine.", "errlog_b": "Your plaster is mine.", "start_time": 360, "start_moves": 80, "turn_count": 80, "result": 0, "reason": "POINTS", "trapdoors": [[1, 2], [1, 1], [1, 1], [1, 1], [1, 1], [1, 1], [1, 1], [1, 0], [2, 0], [2, 0], [2, 0], [3, 0], [3, 0], [3, 0], [4, 0], [5, 0], [5, 0], [5, 0], [5, 0], [6, 0], [6, 0], [6, 1], [6, 1], [6, 0], [6, 0], [6, 0], [6, 1], [6, 1], [6, 1], [6, 1], [6, 2], [6, 2], [6, 2], [6, 2], [6, 2], [6, 2], [6, 3], [6, 4], [6, 4], [6, 4], [6, 5], [6, 6], [6, 6], [6, 6], [6, 7], [5, 7], [5, 7], [4, 7], [3, 7], [3, 7], [3, 7], [3, 7], [2, 7], [2, 7], [1, 7], [1, 7], [1, 6], [1, 6], [1, 5], [1, 5], [1, 5], [0, 5], [0, 5], [0, 4], [0, 4], [0, 3], [0, 2], [0, 1], [0, 1], [0, 0], [0, 0], [1, 0], [1, 0], [2, 0], [3, 0], [3, 1], [3, 1], [3, 1], [4, 1], [4, 1], [4, 1]], "spawn_a": [2, 4], "spawn_b": [5, 4]}