{"pos": [[2, 5], [5, 5], [1, 5], [3, 5], [1, 4], [1, 5], [1, 3], [1, 5], [2, 3], [0, 5], [2, 4], [0, 5], [3, 4], [0, 4], [4, 4], [0, 3], [4, 3], [0, 2], [4, 3], [1, 2], [4, 2], [1, 2], [5, 2], [2, 2], [5, 3], [3, 2], [5, 3], [3, 3], [6, 3], [3, 2], [6, 4], [3, 3], [5, 4], [5, 3], [4, 4], [5, 2], [5, 4], [0, 2], [5, 5], [0, 2], [5, 6], [0, 2], [5, 7], [0, 3], [4, 7], [0, 4], [3, 7], [0, 4], [2, 7], [0, 3], [2, 6], [0, 2], [2, 6], [0, 2], [3, 6], [0, 2], [4, 6], [0, 5], [4, 5], [0, 4], [4, 4], [0, 4], [4, 3], [2, 4], [5, 3], [2, 5], [5, 7], [2, 5], [2, 7], [2, 4], [2, 7], [3, 4], [2, 7], [3, 3], [2, 7], [3, 2], [3, 7], [3, 1], [4, 7], [3, 2]], "a_points": [1, 1, 2, 2, 3, 3, 4, 4, 5, 5, 6, 6, 7, 7, 7, 7, 8, 8, 12, 12, 13, 13, 14, 14, 15, 15, 19, 19, 20, 20, 21, 21, 22, 22, 21, 21, 21, 21, 22, 22, 23, 23, 24, 24, 25, 25, 26, 26, 27, 27, 28, 28, 32, 32, 33, 33, 34, 34, 35, 35, 35, 35, 35, 35, 35, 35, 41, 41, 45, 45, 43, 43, 47, 47, 51, 51, 51, 51, 51, 51], "b_points": [0, 1, 1, 3, 3, 5, 5, 3, 3, 3, 3, 1, 1, 2, 2, 2, 2, 2, 2, 3, 3, 1, 1, 2, 2, 3, 3, 3, 3, 3, 3, 4, 4, 6, 6, 5, 5, 15, 15, 13, 13, 17, 17, 17, 17, 17, 17, 21, 21, 22, 22, 23, 23, 21, 21, 19, 19, 23, 23, 23, 23, 27, 27, 29, 29, 29, 29, 27, 27, 27, 27, 27, 27, 28, 28, 29, 29, 29, 29, 30], "a_turns_left": [39, 39, 38, 38, 37, 37, 36, 36, 35, 35, 34, 34, 33, 33, 32, 32, 31, 31, 30, 30, 29, 29, 28, 28, 27, 27, 26, 26, 25, 25, 24, 24, 23, 23, 22, 22, 21, 21, 20, 20, 19, 19, 18, 18, 17, 17, 16, 16, 15, 15, 14, 14, 13, 13, 12, 12, 11, 11, 10, 10, 9, 9, 8, 8, 7, 7, 6, 6, 5, 5, 4, 4, 3, 3, 2, 2, 1, 1, 0, 0], "b_turns_left": [40, 39, 39, 38, 38, 37, 37, 36, 36, 35, 35, 34, 34, 33, 33, 32, 32, 31, 31, 30, 30, 29, 29, 28, 28, 27, 27, 26, 26, 25, 25, 24, 24, 23, 23, 22, 22, 21, 21, 20, 20, 19, 19, 18, 18, 17, 17, 16, 16, 15, 15, 14, 14, 13, 13, 12, 12, 11, 11, 10, 10, 9, 9, 8, 8, 7, 7, 6, 6, 5, 5, 4, 4, 3, 3, 2, 2, 1, 1, 0], "a_time_left": [351.14919226500206, 351.14919226500206, 342.2951430539979, 342.2951430539979, 333.43722918300773, 333.43722918300773, 324.5752239930007, 324.5752239930007, 315.7090648729936, 315.7090648729936, 306.8385787259904, 306.8385787259904, 297.9637900809903, 297.9637900809903, 289.0842280149809, 289.0842280149809, 280.20024571198155, 280.20024571198155, 271.3114137939847, 271.3114137939847, 262.4175213249837, 262.4175213249837, 253.51841281198722, 253.51841281198722, 244.6139621239854, 244.6139621239854, 235.703914075988, 235.703914075988, 226.7881714519899, 226.7881714519899, 217.8664803649881, 217.8664803649881, 208.93851290897874, 208.93851290897874, 200.00401206198148, 200.00401206198148, 191.06276453997998, 191.06276453997998, 182.1144281639863, 182.1144281639863, 173.15849699897808, 173.15849699897808, 164.19477222897694, 164.19477222897694, 155.2226874819753, 155.2226874819753, 146.24167424697953, 146.24167424697953, 137.25130905097467, 137.25130905097467, 128.25107329996536, 128.25107329996536, 119.24004361196421, 119.24004361196421, 110.21758245996898, 110.21758245996898, 101.18254516797606, 101.18254516797606, 92.13392861397006, 92.13392861397006, 83.07023757896968, 83.07023757896968, 73.98991799096984, 73.98991799096984, 64.8910126749688, 64.8910126749688, 64.89080623097834, 64.89080623097834, 54.22528765397146, 54.22528765397146, 43.53003349597566, 43.53003349597566, 32.797166824981105, 32.797166824981105, 22.014620597983594, 22.014620597983594, 11.157194498984609, 11.157194498984609, 0.14978553297987673, 0.14978553297987673], "b_time_left": [360, 351.1497427979921, 351.1497427979921, 342.29576372899464, 342.29576372899464, 333.43784275600046, 333.43784275600046, 324.5758801760094, 324.5758801760094, 315.7096934190049, 315.7096934190049, 306.83930039599363, 306.83930039599363, 297.9645126260002, 297.9645126260002, 289.0851370339951, 289.0851370339951, 280.2011311840033, 280.2011311840033, 271.3122536810115, 271.3122536810115, 262.41839251300553, 262.41839251300553, 253.51922465099778, 253.51922465099778, 244.6147314439877, 244.6147314439877, 235.70481936397846, 235.70481936397846, 226.78900315797364, 226.78900315797364, 217.86721927397593, 217.86721927397593, 208.93916145697585, 208.93916145697585, 200.00461822697253, 200.00461822697253, 200.00443462198018, 200.00443462198018, 190.6302074079722, 190.6302074079722, 181.2485452259716, 181.2485452259716, 171.85898283297138, 171.85898283297138, 162.46096413297346, 162.46096413297346, 153.05424873597804, 153.05424873597804, 143.63823415598017, 143.63823415598017, 134.2122011979809, 134.2122011979809, 124.77549020398874, 124.77549020398874, 115.32722088199807, 115.32722088199807, 105.86642985299113, 105.86642985299113, 96.39194702298846, 96.39194702298846, 86.90240940198419, 86.90240940198419, 77.39641104597831, 77.39641104597831, 67.87170420198527, 67.87170420198527, 58.325492594987736, 58.325492594987736, 48.754200869982014, 48.754200869982014, 39.153144707976026, 39.153144707976026, 29.514768254972296, 29.514768254972296, 19.82635035496787, 19.82635035496787, 10.063074447956751, 10.063074447956751, 0.1494710449478589], "rat_caught": [false, false, false, false, false, false, false, false, false, false, false, false, false, false, false, false, false, false, true, false, false, false, false, false, false, false, true, false, false, false, false, false, false, false, false, false, false, false, false, false, false, true, false, false, false, false, false, true, false, false, false, false, true, false, false, false, false, false, false, false, false, true, false, false, false, false, false, false, false, false, false, false, true, false, true, false, false, false, false, false], "left_behind": ["prime", "prime", "prime", "carpet", "prime", "carpet", "prime", "search", "prime", "plain", "prime", "search", "prime", "prime", "plain", "plain", "prime", "plain", "search", "prime", "prime", "search", "prime", "prime", "prime", "prime", "search", "plain", "prime", "plain", "prime", "prime", "prime", "carpet", "carpet", "carpet", "plain", "carpet", "prime", "search", "prime", "search", "prime", "plain", "prime", "plain", "prime", "search", "prime", "prime", "prime", "prime", "search", "search", "prime", "search", "prime", "carpet", "prime", "plain", "plain", "search", "plain", "carpet", "plain", "plain", "carpet", "search", "carpet", "plain", "search", "plain", "search", "prime", "search", "prime", "plain", "plain", "plain", "prime"], "errlog_a": "Your plaster is mine.", "errlog_b": "Your plaster is mine.", "start_time": 360, "start_moves": 80, "turn_count": 80, "result": 0, "reason": "POINTS", "trapdoors": [[2, 1], [3, 1], [3, 1], [3, 1], [3, 1], [3, 1], [3, 1], [3, 2], [4, 2], [4, 2], [4, 2], [4, 2], [4, 2], [4, 3], [4, 3], [4, 3], [4, 4], [4, 4], [4, 4], [1, 7], [1, 7], [1, 7], [2, 7], [1, 7], [1, 7], [1, 7], [1, 7], [7, 5], [7, 5], [7, 5], [6, 5], [6, 5], [6, 6], [5, 6], [5, 6], [5, 7], [6, 7], [6, 7], [6, 7], [6, 7], [5, 7], [4, 7], [3, 7], [3, 7], [3, 7], [2, 7], [1, 7], [1, 7], [2, 6], [2, 6], [2, 6], [2, 6], [2, 6], [7, 5], [7, 6], [7, 6], [7, 6], [7, 6], [7, 6], [7, 6], [7, 7], [7, 7], [3, 7], [3, 7], [3, 7], [3, 7], [3, 7], [2, 7], [1, 7], [1, 7], [0, 7], [0, 7], [0, 7], [7, 0], [7, 1], [0, 1], [0, 0], [0, 0], [1, 0], [1, 0], [0, 0]], "spawn_a": [3, 5], "spawn_b": [4, 5]}