{"pos": [[3, 5], [6, 5], [2, 5], [7, 5], [2, 4], [6, 5], [2, 5], [7, 5], [2, 4], [6, 5], [2, 5], [7, 5], [1, 5], [7, 4], [2, 5], [7, 5], [1, 5], [7, 4], [0, 5], [7, 5], [0, 4], [6, 5], [0, 5], [7, 5], [0, 4], [7, 4], [1, 4], [7, 5], [0, 4], [7, 4], [0, 3], [7, 5], [0, 2], [6, 5], [0, 3], [7, 5], [0, 4], [7, 4], [0, 3], [7, 5], [1, 3], [6, 5], [1, 4], [6, 4], [1, 3], [6, 5], [1, 4], [6, 4], [1, 5], [6, 5], [1, 4], [7, 5], [1, 3], [6, 5], [2, 3], [6, 5], [2, 2], [7, 5], [2, 3], [7, 4], [3, 3], [7, 5], [3, 4], [6, 5], [3, 3], [7, 5], [3, 2], [7, 4], [2, 2], [7, 4], [3, 2], [7, 3], [3, 1], [7, 4], [3, 2], [7, 5], [3, 1], [6, 5], [4, 1], [5, 5]], "a_points": [1, 1, 0, 0, 0, 0, 1, 1, 0, 0, 0, 0, 0, 0, 1, 1, 0, 0, 0, 0, 1, 1, 0, 0, 0, 0, 1, 1, 0, 0, 0, 0, 1, 1, 0, 0, 0, 0, 0, 0, 0, 0, 1, 1, 0, 0, 0, 0, 1, 1, 0, 0, 0, 0, 0, 0, 1, 1, 0, 0, 0, 0, 1, 1, 0, 0, 0, 0, 1, 1, 0, 0, 0, 0, 1, 1, 0, 0, 0, 0], "b_points": [0, 0, 0, 1, 1, 0, 0, 0, 0, 1, 1, 0, 0, 0, 0, 1, 1, 0, 0, 0, 0, 0, 0, 0, 0, 0, 0, 0, 0, 0, 0, 0, 0, 0, 0, 0, 0, 0, 0, 0, 0, 0, 0, 0, 0, 1, 1, 0, 0, 0, 0, 0, 0, 0, 0, 4, 4, 4, 4, 4, 4, 4, 4, 4, 4, 4, 4, 4, 4, 8, 8, 8, 8, 9, 9, 9, 9, 9, 9, 9], "a_turns_left": [39, 39, 38, 38, 37, 37, 36, 36, 35, 35, 34, 34, 33, 33, 32, 32, 31, 31, 30, 30, 29, 29, 28, 28, 27, 27, 26, 26, 25, 25, 24, 24, 23, 23, 22, 22, 21, 21, 20, 20, 19, 19, 18, 18, 17, 17, 16, 16, 15, 15, 14, 14, 13, 13, 12, 12, 11, 11, 10, 10, 9, 9, 8, 8, 7, 7, 6, 6, 5, 5, 4, 4, 3, 3, 2, 2, 1, 1, 0, 0], "b_turns_left": [40, 39, 39, 38, 38, 37, 37, 36, 36, 35, 35, 34, 34, 33, 33, 32, 32, 31, 31, 30, 30, 29, 29, 28, 28, 27, 27, 26, 26, 25, 25, 24, 24, 23, 23, 22, 22, 21, 21, 20, 20, 19, 19, 18, 18, 17, 17, 16, 16, 15, 15, 14, 14, 13, 13, 12, 12, 11, 11, 10, 10, 9, 9, 8, 8, 7, 7, 6, 6, 5, 5, 4, 4, 3, 3, 2, 2, 1, 1, 0], "a_time_left": [359.9999652830011, 359.9999652830011, 359.9999219559977, 359.9999219559977, 359.99988791299984, 359.99988791299984, 359.9998592990014, 359.9998592990014, 359.99983477400383, 359.99983477400383, 359.9998026789981, 359.9998026789981, 359.99977938999655, 359.99977938999655, 359.99975395899673, 359.99975395899673, 359.99972708299174, 359.99972708299174, 359.9997053529805, 359.9997053529805, 359.9996743819793, 359.9996743819793, 359.9996370719746, 359.9996370719746, 359.99961684897426, 359.99961684897426, 359.9995894009626, 359.9995894009626, 359.9995624919684, 359.9995624919684, 359.99954034497205, 359.99954034497205, 359.99951453797985, 359.99951453797985, 359.99946956397616, 359.99946956397616, 359.99944734397286, 359.99944734397286, 359.99942458696023, 359.99942458696023, 359.99940220895223, 359.99940220895223, 359.9993763649545, 359.9993763649545, 359.9993480639532, 359.9993480639532, 359.9993255059526, 359.9993255059526, 359.9992990189494, 359.9992990189494, 359.9992750039528, 359.9992750039528, 359.99924558395287, 359.99924558395287, 359.99920925895276, 359.99920925895276, 359.9991826239566, 359.9991826239566, 359.999156115955, 359.999156115955, 359.99913290995755, 359.99913290995755, 359.99908391995996, 359.99908391995996, 359.9990482539579, 359.9990482539579, 359.99902615595784, 359.99902615595784, 359.99899840995204, 359.99899840995204, 359.9989673419477, 359.9989673419477, 359.99894517495704, 359.99894517495704, 359.9989172969508, 359.9989172969508, 359.99889362594695, 359.99889362594695, 359.9988662729447, 359.9988662729447], "b_time_left": [360, 351.09945228700235, 351.09945228700235, 341.9825656690082, 341.9825656690082, 333.08276200400724, 333.08276200400724, 324.18037231001654, 324.18037231001654, 315.20623734501714, 315.20623734501714, 306.29986825001833, 306.29986825001833, 297.3906328060111, 297.3906328060111, 288.4780921470083, 288.4780921470083, 279.5627826710115, 279.5627826710115, 270.39529326300544, 270.39529326300544, 261.1808254110074, 261.1808254110074, 252.2743935250037, 252.2743935250037, 243.3642831830075, 243.3642831830075, 234.4504093100113, 234.4504093100113, 225.53291486101807, 225.53291486101807, 216.61157634401752, 216.61157634401752, 207.68562941302662, 207.68562941302662, 198.75560537102865, 198.75560537102865, 189.82107515503594, 189.82107515503594, 180.88166275902768, 180.88166275902768, 171.93755742601934, 171.93755742601934, 162.98805101301696, 162.98805101301696, 154.03288807602075, 154.03288807602075, 145.07198454502213, 145.07198454502213, 136.10393377402215, 136.10393377402215, 127.12594998902932, 127.12594998902932, 118.1425668830343, 118.1425668830343, 109.15316322403669, 109.15316322403669, 100.15592562004167, 100.15592562004167, 91.1499964750401, 91.1499964750401, 82.13456547204987, 82.13456547204987, 72.97864013904473, 72.97864013904473, 63.95581336604664, 63.95581336604664, 54.91917020405526, 54.91917020405526, 45.865509751063655, 45.865509751063655, 36.79220661605359, 36.79220661605359, 27.69376805005595, 27.69376805005595, 18.56134733905492, 18.56134733905492, 9.380202767060837, 9.380202767060837, 0.0999512080597924], "rat_caught": [false, false, false, false, false, false, false, false, false, false, false, false, false, false, false, false, false, false, false, false, false, false, false, false, false, false, false, false, false, false, false, false, false, false, false, false, false, false, false, false, false, false, false, false, false, false, false, false, false, false, false, false, false, false, false, true, false, false, false, false, false, false, false, false, false, false, false, false, false, true, false, false, false, false, false, false, false, false, false, false], "left_behind": ["prime", "plain", "carpet", "prime", "plain", "carpet", "prime", "plain", "carpet", "prime", "plain", "carpet", "plain", "plain", "prime", "prime", "carpet", "carpet", "plain", "plain", "prime", "plain", "carpet", "plain", "plain", "plain", "prime", "plain", "carpet", "plain", "plain", "plain", "prime", "plain", "carpet", "plain", "plain", "plain", "plain", "plain", "plain", "plain", "prime", "plain", "carpet", "prime", "plain", "carpet", "prime", "plain", "carpet", "plain", "plain", "plain", "plain", "search", "prime", "plain", "carpet", "plain", "plain", "plain", "prime", "plain", "carpet", "plain", "plain", "plain", "prime", "search", "carpet", "plain", "plain", "prime", "prime", "plain", "carpet", "plain", "plain", "plain"], "errlog_a": "I am Aggro-Yolanda, and I am here to carpet the world.", "errlog_b": "monte carlo tree", "start_time": 360, "start_moves": 80, "turn_count": 80, "result": 1, "reason": "POINTS", "trapdoors": [[5, 1], [5, 1], [5, 1], [5, 1], [5, 2], [5, 2], [5, 3], [5, 3], [5, 3], [5, 3], [5, 3], [5, 3], [6, 3], [6, 2], [6, 1], [6, 1], [6, 1], [6, 1], [5, 1], [5, 1], [5, 1], [5, 1], [5, 1], [5, 1], [5, 1], [5, 1], [5, 1], [5, 2], [5, 1], [5, 1], [4, 1], [4, 0], [5, 0], [5, 0], [5, 0], [5, 0], [5, 0], [4, 0], [5, 0], [4, 0], [5, 0], [4, 0], [4, 0], [4, 0], [4, 0], [4, 1], [4, 1], [4, 1], [4, 1], [4, 1], [4, 1], [4, 2], [4, 3], [4, 3], [5, 3], [5, 3], [4, 6], [4, 7], [5, 7], [5, 7], [5, 7], [5, 7], [5, 7], [5, 7], [5, 7], [5, 7], [5, 7], [6, 7], [6, 7], [6, 7], [3, 1], [3, 1], [3, 1], [3, 2], [3, 2], [2, 2], [2, 1], [2, 1], [2, 1], [2, 1], [2, 1]], "spawn_a": [2, 5], "spawn_b": [5, 5]}